filename,identity,confidence,state,mask,time_ms
0010efd2003d4761ac030d74cfc5a889.jpg,Unknown,79.3,SEARCHING,False,18522.6
0076b09e50754f7db25ac50b3af6daa2.jpg,zhangyixing,70.17,RECOGNIZED,False,8004.2
01034cc9336a4804a8cbb79a9d40e5a9.jpg,004767,69.42,VERIFYING,False,43.8
010702be06c04d788f1eb7d1279983a3.jpg,004693,69.69,VERIFYING,False,17396.3
013402a842464e538fc925ac0cd68ab3.jpg,Unknown,63.96,SEARCHING,False,17021.6
0181e2fd2652436e8e36bfa3f66fac41.jpg,NO_FACE,0.0,NO_FACE,False,0.0
01b12912cbf648d6a9ad65904daa8217.jpg,004227,70.04,VERIFYING,False,42.9
01f926df5f524adc90d23cd5eec5b6df.jpg,NO_FACE,0.0,NO_FACE,False,0.0
0223f6798bd94b54b9a5e7f270d3f563.jpg,004906,68.94,VERIFYING,False,32.7
023e6d28acde41c6b1b2192141223424.jpg,NO_FACE,0.0,NO_FACE,False,0.0
02480d45b59d4616b1e48cc49ffd1165.jpg,004778,69.04,VERIFYING,False,39.3
028e6b92ecf8457f8e1e1ac9e7ee0349.jpg,004510,68.44,VERIFYING,False,17137.6
02902b4167344fc28d39b42bdca7d557.jpg,NO_FACE,0.0,NO_FACE,False,0.0
02a8f9eb040e48be8afa48dd343796cb.jpg,tangyuzhe,69.58,VERIFYING,False,17156.6
02b6905b93ae47e38682feec0c132030.jpg,jindong,70.05,VERIFYING,False,57.2
02e8a7ec75024a8dbf4d10f5e0cda04d.jpg,NO_FACE,0.0,NO_FACE,False,0.0
0303fcd220ef4d26a7ffe7c53bea2d3f.jpg,NO_FACE,0.0,NO_FACE,False,0.0
0361398c69944f76baf532d16afc2587.jpg,004113,68.15,RECOGNIZED,False,57.4
039c930e8a40438390751e574d0be8dc.jpg,004905,67.61,VERIFYING,False,46.1
03adc02022a44d05b607201e2f9256cc.jpg,004903,69.55,VERIFYING,False,39.4
03df838fd36b42caabb4d20948ff8ba7.jpg,NO_FACE,0.0,NO_FACE,False,0.0
0494a21f04ae4a9c876ac9d5908dda21.jpg,xiena,65.39,VERIFYING,False,74.4
04e280aebb5d401bb6ae3f20e573728d.jpg,chenweiting,68.27,VERIFYING,False,64.7
04ecbdb11eb74db8ae0f125c1217fd2f.jpg,NO_FACE,0.0,NO_FACE,False,0.0
04f0a8b3d19e48828b278d14f2948c4f.jpg,baobeier,67.11,RECOGNIZED,False,37.6
0537c44d6fe64a1880f84732a97e9e7e.jpg,004903,69.87,VERIFYING,False,42.9
05601fd8db1b4fe8bc2e257a177844db.jpg,NO_FACE,0.0,NO_FACE,False,0.0
0566997125054ba8aa9d325ce5ea8be8.jpg,chenguanxi,68.61,RECOGNIZED,False,57.3
0572f1e04f704a63b15042295ad4f619.jpg,004773,67.46,VERIFYING,False,54.9
0575b9994dee40b280e74e1a74616225.jpg,wangjie,67.06,VERIFYING,False,38.9
05792b706f3b4a6bbacd0eb54bcdc132.jpg,NO_FACE,0.0,NO_FACE,False,0.0
058c8b3881a748b69c99a9147fffec3c.jpg,songqian,68.02,VERIFYING,False,53.3
0590b194357d4d5c85924ecf2c351867.jpg,liuhaoran,70.34,VERIFYING,False,44.5
05b3508ace6e4833bb6239914a4f0f1e.jpg,004815,71.06,VERIFYING,False,46.1
05b67b9ae982442394d894c5740114fd.jpg,NO_FACE,0.0,NO_FACE,False,0.0
05c1d56ced1345f1826f4d09ba781834.jpg,NO_FACE,0.0,NO_FACE,False,0.0
060ca89738ad4488843dbf4ac588dc3b.jpg,NO_FACE,0.0,NO_FACE,False,0.0
062d9eab2ebe4d738fab633f1ffe2f7b.jpg,wenjunhui,67.88,VERIFYING,False,51.8
064fecb5d43a4ed992dcb881d51e2a85.jpg,004996,65.68,VERIFYING,False,41.8
0662fedfd4cc4bc2a610f871e203c1a3.jpg,panyueming,67.56,VERIFYING,False,17287.2
0696db44656d4a8ca2f8a7e38c833fcd.jpg,xiena,68.4,VERIFYING,False,56.4
06e6a23f374f4f68ac7b6d5bcb6b2487.jpg,NO_FACE,0.0,NO_FACE,False,0.0
07106161bad34dafb6ae27d945c8dc70.jpg,004903,69.45,VERIFYING,False,34.9
07286f3906234951aa6e7c9972e305d9.jpg,NO_FACE,0.0,NO_FACE,False,0.0
07551f9122af4d7299aff7c1f64c57d4.jpg,zhangzhenyue,68.53,VERIFYING,False,45.4
076bd1d3277e44bd9009b875d661e5bc.jpg,004235,68.91,VERIFYING,False,41.1
07922c7b04924adca8aec5a35d7546d9.png,NO_FACE,0.0,NO_FACE,False,0.0
07ccde0d90094b08940ae3a136706a17.jpg,NO_FACE,0.0,NO_FACE,False,0.0
082b2ff25cc8493ab4b96aa7ed140f5e.jpg,Unknown,68.41,SEARCHING,False,26.9
083cad20ebc44c0da682f74055380ce0.jpg,NO_FACE,0.0,NO_FACE,False,0.0
085417d675844ffe8e59958df5022e3b.jpg,NO_FACE,0.0,NO_FACE,False,0.0
0857c6c352c749b496adbc0cb482b41f.jpg,004648,69.02,VERIFYING,False,34.0
085bc53731ff47f296feab835a5c26a2.png,Unknown,95.0,SEARCHING,False,31.2
088ffa0ab9784d8cbcaf24d961216827.jpg,xiena,72.04,VERIFYING,False,49.9
08cc2c3a15ce4a2c84a2325733677171.jpeg,004903,74.33,VERIFYING,False,44.1
08dfb0bdd506440a9f4dc10eb70ead18.jpg,NO_FACE,0.0,NO_FACE,False,0.0
08eed4f7b38947e3b2ea182762ae770b.jpg,004903,74.74,VERIFYING,False,43.3
090987f6f9aa4707b2df9ea05daf43b0.jpg,panyueming,67.74,VERIFYING,False,49.6
09aa802068b34c159448ac767503536e.jpg,004510,68.81,VERIFYING,False,34.5
09b2cd7a0b314324b30ac88a846d54ea.jpg,NO_FACE,0.0,NO_FACE,False,0.0
09b492d2c06a43dcbfbecc0cdbdf30bd.jpg,songqian,69.7,VERIFYING,False,44.0
09c3bcb76a94497f91860d8b81b3b922.jpg,wangjie,67.68,VERIFYING,False,35.9
09f1560cb8ba4107825e0d5c0b09c609.jpg,NO_FACE,0.0,NO_FACE,False,0.0
0a25cba7293d4f4dbe3019383ee0072b.jpg,004510,69.4,VERIFYING,False,67.9
0a2ae9984e2f4491a6891869df8685f9.jpg,songqian,71.14,VERIFYING,False,63.6
0a3162ff082343a3b2aa6ffa4a1def03.jpg,NO_FACE,0.0,NO_FACE,False,0.0
0a3ee1892a614d4e96311b787a22db8f.png,wangyu,67.62,VERIFYING,False,38.9
0a644593271d4621bd3f2cd4174d3484.jpg,NO_FACE,0.0,NO_FACE,False,0.0
0a6c262d496c420187bc750a850c4843.jpg,Unknown,74.9,SEARCHING,False,31.5
0a9f4519b0a54e21bb499e9df1762cb6.jpg,004190,66.35,VERIFYING,False,41.5
0ac2675240094348947dbdbaf503fd41.jpg,NO_FACE,0.0,NO_FACE,False,0.0
0ad5847d4e434fedaa1c1b32ab9fcb98.jpg,songqian,73.57,VERIFYING,False,58.7
0ae31c16c6ea4b778ef5cfa6cdfc9d07.jpg,pengchuyue,65.02,VERIFYING,False,66.2
0ae39aeb8aad4c7f911e3ea3212ffeba.jpg,004672,69.65,VERIFYING,False,50.5
0b7f06c7cd154706bc18e24622d1a175.jpg,wangjunkai,70.81,VERIFYING,False,39.0
0b8843bb06194ff4a2ba24bebb118e2f.jpg,004496,68.59,VERIFYING,False,44.5
0ba40409f50f472796f5dbbc480c9bda.jpg,wangjunkai,71.12,VERIFYING,False,49.4
0bcd0907158740649556aec4e5a25c3e.jpg,Unknown,95.0,SEARCHING,False,34.6
0be68d8b41844fb7b0239adcf5c9ed85.jpg,004903,73.43,VERIFYING,False,36.2
0bf24270f3be43e3b875cb44988e819f.jpg,songqian,75.08,VERIFYING,False,44.6
0c0aecdd1e20440eaa0b80a29dd1563c.jpg,chenfarong,69.59,VERIFYING,False,48.6
0c27b161ded04cd984e7e51f514f8e5c.jpg,tangyuzhe,68.88,VERIFYING,False,35.6
0c2cce6addc445eb82adb6a68de075df.jpg,NO_FACE,0.0,NO_FACE,False,0.0
0c38c3e8f99043e1a0ead5cdc355b120.jpg,wangjunkai,73.16,VERIFYING,False,43.6
0c5af28c6eed4758818d76e76a455ed4.jpg,NO_FACE,0.0,NO_FACE,False,0.0
0c5b63967bd14218a68e5da4f2707e81.jpg,Unknown,76.12,SEARCHING,False,30.7
0c771af55b514c01b5e61f165412d173.jpg,Unknown,87.6,SEARCHING,False,17.7
0c777b0d64e741149e416e01f393b876.jpg,004537,69.79,VERIFYING,False,45.4
0cce7b2edbc24b229cba2e95363f1551.jpg,NO_FACE,0.0,NO_FACE,False,0.0
0cd7e16354c949e4a57ab08b8e222d7d.jpg,wuzun,69.59,VERIFYING,False,38.3
0ce38f84a73542a2abb10feef1dcc746.jpg,NO_FACE,0.0,NO_FACE,False,0.0
0d13e706848146f5aa1f74014e562183.jpg,Unknown,68.26,SEARCHING,False,29.2
0d24a759b5cd4f43a84f679928ea06dd.jpg,NO_FACE,0.0,NO_FACE,False,0.0
0d30d591170a4c88af874e1a14c95e5f.jpg,NO_FACE,0.0,NO_FACE,False,0.0
0d58dcd475e34548adccaea6fc07a04c.jpg,NO_FACE,0.0,NO_FACE,False,0.0
0d84e0a24e4843c5a0df84bee2cee8d3.jpg,Unknown,95.0,SEARCHING,False,25.2
0ddf3efae31443e5b7630b355b033339.jpg,NO_FACE,0.0,NO_FACE,False,0.0
0de2f5cb70bf4ebd89f33502e073df80.jpg,chenyufan,67.6,VERIFYING,False,33.7
0de55df6931542bab3d572fa99986e01.jpg,004903,69.79,RECOGNIZED,False,49.4
0e27866d5eb84487a6b61943ea157060.jpg,NO_FACE,0.0,NO_FACE,False,0.0
0e2cd74505fe41a7a7e0711f278c1018.jpg,xiena,69.07,VERIFYING,False,34.1
0e5678b1755940cc8d9fcf168f08865e.jpg,NO_FACE,0.0,NO_FACE,False,0.0
0ea0a82e65d94d28a76510b87a6f3612.jpg,NO_FACE,0.0,NO_FACE,False,0.0
0ecf4e6d0a0b4adca17d655e5878f4d7.jpg,Unknown,95.0,SEARCHING,False,29.8
0f292708226a46eaabf2a93abcbeb3da.jpg,NO_FACE,0.0,NO_FACE,False,0.0
0f4779f0e5c4497a88b16f1075f92aac.jpg,004903,69.26,RECOGNIZED,False,43.0
0f5edbff0663425a949ee23c47477844.jpg,NO_FACE,0.0,NO_FACE,False,0.0
0f93bef466ab469cade290fd6f58e20b.jpg,004903,90.05,RECOGNIZED,False,34.4
0fc7cc20142b42d9b5776608a58d746c.jpg,004903,93.11,RECOGNIZED,False,46.6
0fe94419381249c98bfb2103dfe3ec32.jpg,xuruoxuan,69.44,VERIFYING,False,51.2
0fff1711914a4f7492c31d4836198c3d.jpg,004199,69.34,VERIFYING,False,47.1
1008994cde264dda988aa083607d2197.jpg,dengchao,69.58,VERIFYING,False,51.7
101d8bbf324a411db3886612248ce20c.jpg,004757,68.16,VERIFYING,False,58.1
1059efe6a76043419f35bbdc7fabd542.jpg,NO_FACE,0.0,NO_FACE,False,0.0
107189f4f81049c888d2b5adf54f6a6e.jpg,004867,69.6,VERIFYING,False,43.0
10975561772c4039a65b308a0ca0527e.png,huxia,68.53,VERIFYING,False,39.8
109afe9d53e343b9b790d041bcf1f9ca.jpg,004903,75.99,VERIFYING,False,53.3
113a20a3ccd943559662c6f2d8b93990.jpg,004494,68.71,VERIFYING,False,54.7
11555dfd8ec6442fa3b264f82e5db255.jpg,Unknown,77.88,SEARCHING,False,26.6
118c21b2e6d343b08eb0cc2379253a7f.jpg,Unknown,91.21,SEARCHING,False,34.3
11c6e9dbc7b24cb9a49b3f6468e7f584.jpg,004945,69.32,VERIFYING,False,41.5
122008e1f3e74d1fbef851693a3fb7ee.jpg,Unknown,92.19,SEARCHING,False,23.8
1260e037787a412fb38e290f2ac9e54b.jpg,tanjing,67.46,VERIFYING,False,42.2
12951571b1b44fb389625db064cc0343.jpg,004822,69.04,VERIFYING,False,38.2
13343b580c19424eba31e6423b0bc06d.jpg,NO_FACE,0.0,NO_FACE,False,0.0
133ca179ca4f43af8900f46489b408ce.jpg,NO_FACE,0.0,NO_FACE,False,0.0
1370a58d79ee427f9ebac9aa5f995b0d.jpg,wangqi,69.5,VERIFYING,False,33.7
1397220f1ece4bc382307dfefdb8a291.jpg,meiyanfang,68.0,VERIFYING,False,48.6
13c0f1f663ca46869c7b6d3968caf1c9.jpg,wangqi,69.58,VERIFYING,False,43.5
13dbedd701494ca38aa6bf91c0447c4f.jpg,wangqi,72.9,VERIFYING,False,49.9
13fb29532c5c4521a8e195c8123352b0.jpg,tangyan,68.25,VERIFYING,False,42.2
1427693448af405695aa80244c4c4304.jpg,NO_FACE,0.0,NO_FACE,False,0.0
1431b532cc04466a9318775928c29181.jpg,NO_FACE,0.0,NO_FACE,False,0.0
146a544b825d4813be01daeb0bca9d54.jpg,NO_FACE,0.0,NO_FACE,False,0.0
1480e96274df4d23a7fd953cfd1df351.jpg,jingtian,69.1,VERIFYING,False,53.0
148cc2390e5a460092ac45936cb7ff6f.jpg,xuruoxuan,70.53,VERIFYING,False,38.1
151a8ea9927242fea242831bbf6a724d.jpg,NO_FACE,0.0,NO_FACE,False,0.0
155e36cef1684a6395fbaf7c2630e4bf.jpg,weichen,69.03,VERIFYING,False,50.3
1584976e49ce4541bd75e3fa8af936b5.jpg,004767,68.39,VERIFYING,False,41.7
15c30ccd40024434b69ce126c86f0b33.jpg,004903,69.73,VERIFYING,False,44.8
15ece41b99a545eaaf732529cec17cb2.jpg,huangzitao,68.2,VERIFYING,False,44.3
16e12f1175b1492ebc316afb97d54fcf.jpg,NO_FACE,0.0,NO_FACE,False,0.0
16e9928db8954d0a978b99de0ccc3a0c.jpg,Unknown,95.0,SEARCHING,False,25.0
1738e8f9c0da4975a2053cd2c744f005.jpg,wangjie,69.13,VERIFYING,False,45.1
173b79f2fbac4e91b7e4fea34128094c.jpg,fanganna,69.07,VERIFYING,False,42.9
17e5c5ca5b6f46a0aa09bd68640fec47.jpg,fanganna,69.41,VERIFYING,False,43.0
17e7affbd62242848580eca3557b15b8.jpg,NO_FACE,0.0,NO_FACE,False,0.0
17f64fbd97e44fdab81763c09ffe27ce.jpg,zhangdongliang,69.11,VERIFYING,False,46.8
185af1e7abf54d789adb34f44dc7ffae.jpg,Unknown,85.64,SEARCHING,False,28.7
185b37f1d1b14b1f885562c78548bda6.png,liyong,69.48,VERIFYING,False,44.3
188074957f6f4704ba6418c5db6b0c01.jpg,NO_FACE,0.0,NO_FACE,False,0.0
18b2d05501384baf819758cd530519ac.jpg,NO_FACE,0.0,NO_FACE,False,0.0
18c7029f04914ec9a90da71f5181d10a.jpg,wangjie,70.9,VERIFYING,False,48.3
1912ab529dd249868111d46582277458.jpeg,NO_FACE,0.0,NO_FACE,False,0.0
1965df5f944f43909d7f47a418b5bda0.jpg,004534,68.44,VERIFYING,False,47.2
1968bf7aef7c4afb9e6ee5c66b9751a1.jpg,linzhiling,70.85,VERIFYING,False,49.5
198e310034864a44b97cfa1cb977c285.jpg,fanganna,69.32,VERIFYING,False,39.8
1a461cbe15374905a9ced2c7e6cf550d.jpg,Unknown,95.0,SEARCHING,False,32.8
1a4d90dceaf24136864ca60d046519c0.png,004903,71.78,VERIFYING,False,49.9
1a6c765471b64c1caac7dfab4d0ac139.jpg,NO_FACE,0.0,NO_FACE,False,0.0
1ad2ea9ffa234a91b9e6da7e02963280.jpg,004510,70.19,VERIFYING,False,34.1
1b206001cc534c6aa5a7143732190ade.jpg,004903,73.16,VERIFYING,False,45.9
1bde7282ff6b433aa6ae3581fea4153a.jpg,Unknown,95.0,SEARCHING,False,34.1
1bdf4f737e704714bdd39dea8e90ad2a.jpg,zhangyixing,70.1,VERIFYING,False,35.0
1c029a81b1bc452d91397205b3822970.jpg,004534,69.57,VERIFYING,False,49.0
1c06621474544888ab327e694fad071e.jpg,fanganna,68.16,VERIFYING,False,51.9
1c54e2f437fc4342a15e651caacdfa8d.jpg,Unknown,81.4,SEARCHING,False,33.1
1cb9a7c4eaa34133b1f5371df2bbe50b.jpg,004360,68.13,VERIFYING,False,36.6
1cba7bc8808d4efd830e35962df5f9fe.jpg,004996,67.33,VERIFYING,False,48.1
1d15aa93fced4ac2b40ccbb7b7aea6bf.jpg,NO_FACE,0.0,NO_FACE,False,0.0
1d21275c0f224af7af788202f7552655.jpg,chenzhipeng,70.49,VERIFYING,False,37.4
1d74a81c1ba74e35867fcb257498ed10.jpg,004418,67.45,VERIFYING,False,40.2
1d83c335822447f5ae09fa9da9fac499.jpg,NO_FACE,0.0,NO_FACE,False,0.0
1de5869f4f7b43e8af4a61448edff10e.jpeg,004883,69.24,VERIFYING,False,51.1
1e2c54998161434ab8304c469eee2a3e.jpg,004534,71.47,VERIFYING,False,46.3
1e4f9266a8124034b7d17eb026765024.jpg,baobeier,69.91,VERIFYING,False,50.7
1e71ab31650c418eabecd23b26eab390.jpg,NO_FACE,0.0,NO_FACE,False,0.0
1e989148fd45498da9af0765a1b37993.jpg,NO_FACE,0.0,NO_FACE,False,0.0
1ec2bc742ffc4b6ba0f51c75c6e479b2.jpg,004903,73.04,VERIFYING,False,38.2
1ee9f373d9b24da68830a77c75ead66c.jpg,Unknown,89.01,SEARCHING,False,26.6
1f1789bdf7c646a48739bb021a9a7dae.jpg,NO_FACE,0.0,NO_FACE,False,0.0
1f223662c9974351976be7c4389618a5.jpg,NO_FACE,0.0,NO_FACE,False,0.0
1fea217969584e9095339d34e10f50d8.jpg,004903,74.95,VERIFYING,False,37.5
1ffc103443c940eabf297e63e7d79ce0.jpg,004903,70.12,VERIFYING,False,54.6
205e734301484b0990ebf3987ec89be5.jpg,004321,66.02,VERIFYING,False,46.1
20652d3b61e9486dbd095d4905213d3e.jpg,NO_FACE,0.0,NO_FACE,False,0.0
20c2dec69d0c4e1ea7a100b6376bc066.jpg,Unknown,95.0,SEARCHING,False,26.7
20d90050e217423f9f5a963792c8308c.jpg,004418,70.8,VERIFYING,False,51.9
20efaf1a193e4bedb5153ef7d03bf314.jpg,NO_FACE,0.0,NO_FACE,False,0.0
216ee55dc272490fa17646c599af0076.jpg,fanbingbing,68.44,VERIFYING,False,43.5
217c5d2b6f634750b71a39bcacff1b75.jpg,NO_FACE,0.0,NO_FACE,False,0.0
21d9659b9a3a44ffa672b23e98d2ad6e.jpg,chenweiting,70.03,VERIFYING,False,38.1
222d93394bf940a8be66f0b38ca0f440.jpg,zhoudongyu,69.54,VERIFYING,False,33.6
222f98385d9c4cfdaa34b9fed8ce52b2.jpg,NO_FACE,0.0,NO_FACE,False,0.0
22c84cb9057148c1a065d55be53494c9.jpg,Unknown,57.47,SEARCHING,False,28.4
22d6d2430b994038b55c72466139d2ca.jpg,004142,69.47,VERIFYING,False,36.3
22e02287d87a46f3a00d1a3a0a28e844.jpg,renhan,68.26,VERIFYING,False,52.3
231dc95f7521400ebf630beb6323df56.jpg,chenweiting,70.92,VERIFYING,False,43.0
234d742b3b7540bfaaad601c35fd3f30.jpg,Unknown,89.65,SEARCHING,False,17545.9
23cbf97122fb485796c16f9fa8ca6562.jpg,004923,66.73,VERIFYING,False,67.6
23e83cd0f3dc49cfabdb493fab444dc3.jpg,NO_FACE,0.0,NO_FACE,False,0.0
2444575c60024e4faa9e0359175e2d1a.jpg,zhoudongyu,70.01,VERIFYING,False,50.9
24a9ddc56265411f8c8f040d269e8ee1.jpg,NO_FACE,0.0,NO_FACE,False,0.0
24bb3d682a56426b83762397ebe68a89.jpg,sunyizhou,66.06,VERIFYING,False,34.5
24c3aef788f14ea4a6c60e4d045b71ed.jpg,NO_FACE,0.0,NO_FACE,False,0.0
24d3b588f0994299acac5f87ad0894e5.jpg,chenjiaqi,67.81,RECOGNIZED,False,33.2
24db64d3587045e5b6cc6d7c5fd38495.jpg,chenxiang,69.88,VERIFYING,False,65.3
25337cfcffa94cc9af0b76ccac9cc8f4.jpg,NO_FACE,0.0,NO_FACE,False,0.0
25456ec0af314a73b43bdbb429ac4e23.jpg,004903,70.47,VERIFYING,False,70.0
2578f84958ae439ea1bad1ff59dbd026.jpg,linjing,69.57,VERIFYING,False,50.8
25a12401a349427eb812a4737765a516.jpg,Unknown,95.0,SEARCHING,False,33.2
25cb21456fe946779cdc0b681a8d8ceb.jpg,004465,65.11,VERIFYING,False,52.1
25dd9e3cf22d41d1bbf9b568e2681184.jpg,NO_FACE,0.0,NO_FACE,False,0.0
2610bd481b6a4478add802e40b2082ad.jpg,zhangmeng,68.4,RECOGNIZED,False,40.8
2625ae9e1123400ca62cfe0d8d85c4df.jpg,004778,63.05,VERIFYING,False,16888.1
269878223ec54f689a5e2b55f13eec17.jpg,chenjiaqi,65.77,VERIFYING,False,40.2
26b408fca23f41afa41c5d2ee19699a6.jpg,NO_FACE,0.0,NO_FACE,False,0.0
26b7ee89cd0f43b9a377a85d3d394df0.jpg,guobiting,68.58,VERIFYING,False,48.1
26e89fa21a804ee9ac87e1eda9072cc1.jpg,wangfeng,63.97,VERIFYING,False,43.2
270d2a53904049e5888018de5cb3b55d.jpg,huojianhua,68.65,VERIFYING,False,33.3
273e064c6deb4f54a86b29a1425a8bc6.jpg,004903,74.62,VERIFYING,False,52.0
27418461dd7a4be998a4339a6745da9c.jpg,004903,78.1,VERIFYING,False,45.1
2752ae3a1ac74881af192a532149312b.jpg,jianailiang,68.72,VERIFYING,False,57.3
276eb367df9649c3b16d8d37b3f52497.jpg,004494,69.01,VERIFYING,False,43.4
27c239b72e2c4734b32b86616827c27e.jpg,yingzi,69.21,VERIFYING,False,51.2
27db98fdfcf04c0bb885ec4536db5ef6.jpg,NO_FACE,0.0,NO_FACE,False,0.0
2804a85159434240b5f1ffe44a372483.jpg,004903,80.76,VERIFYING,False,35.7
2808fa76c51f4ee8830dc5164a46ad40.jpg,004903,81.04,VERIFYING,False,42.4
285846f8c2c44b24947b49a2a5609297.jpg,004903,83.42,VERIFYING,False,38.3
28a1821c8be44de9bb9a53be124c453a.jpg,NO_FACE,0.0,NO_FACE,False,0.0
28dbf7c66e2f482e811ce5e687ca3642.jpg,004903,83.66,VERIFYING,False,51.8
290097dda4d0410ebf8f3acab4b7a9a8.jpg,linyichen,67.89,VERIFYING,False,54.5
2910e199b0de44b4b2aa689813aa8356.jpg,Unknown,75.78,SEARCHING,False,32.2
2921599a558444f097673846f8bd5e60.jpg,004648,68.64,VERIFYING,False,45.0
29239236024541988b8ec833329cfe76.jpg,qiaorenliang,69.52,VERIFYING,False,37.1
295052262d82402baefc9f8bc9d4798c.jpg,Unknown,91.41,SEARCHING,False,26.4
295862f0a33b4e6eb0dddbbb5371f60d.jpg,NO_FACE,0.0,NO_FACE,False,0.0
29655c2815c34cec9f902939ba2d1294.jpg,004996,67.78,VERIFYING,False,44.1
29abc41c48304a9caa8944a421449b7c.jpg,004162,66.6,VERIFYING,False,49.9
2a4a8ad9ff94455ba74612c8a29515a4.jpg,NO_FACE,0.0,NO_FACE,False,0.0
2aa9d0f55f874704b2f3d1fc51529d2f.jpg,qiaorenliang,71.15,VERIFYING,False,42.2
2aae8ac9e4154865bc6da1cc05033926.jpg,fanganna,68.37,VERIFYING,False,45.7
2abb9801534e4deb9e98ed64b53283e7.jpg,yangqiming,67.53,VERIFYING,False,41.2
2b148a1a875048328853ff60d2657d07.jpg,Unknown,78.52,SEARCHING,False,23.7
2b281b4e3dc247c2aaac07564f6a5527.jpg,004778,70.4,VERIFYING,False,46.2
2b4288de3d544c78ab1fcfba6c3cb26d.jpg,NO_FACE,0.0,NO_FACE,False,0.0
2c249bb9867a4a288b5fb1ca5ed98e4c.jpg,004494,68.82,VERIFYING,False,40.0
2c751dbb8ea14ca7896ae0c1c19a6dfe.jpg,004560,67.18,VERIFYING,False,50.9
2c88d8f7a957415bbd5c36bea3ffb780.jpg,wangqi,65.91,VERIFYING,False,44.8
2c9f5462052441a9bc7f68eeb7ce5a18.png,songqian,68.41,VERIFYING,False,54.9
2ce6588a53ec4353b73e9b5945365fe1.jpg,004521,68.38,VERIFYING,False,48.3
2cf8fe2ed8aa4f2385ad43bad5d00a1b.jpg,004996,70.49,VERIFYING,False,45.9
2d3cb99bb97f40bdb0214d1f78d48802.png,huojianhua,71.74,VERIFYING,False,41.6
2d59c2896c2449358abf3e1be363d4da.jpg,004494,65.78,VERIFYING,False,41.9
2d5e92bf747c42538b2c3a158a2f0b9f.jpg,NO_FACE,0.0,NO_FACE,False,0.0
2d6bef6d0cc34123ab4394d5b72465e4.jpg,004691,68.82,VERIFYING,False,42.5
2daca6b292ba4cd4b45d5681e56162af.jpg,004903,77.98,VERIFYING,False,50.4
2dc3f7377fe840fba1437b59e8abb362.jpg,wangqing,64.46,VERIFYING,False,45.8
2e241a4704644ecbbdb2e64a2d69c464.jpg,004310,70.1,VERIFYING,False,39.5
2e42c4f95e424ebda20dc203e70cc8bf.jpg,Unknown,86.87,SEARCHING,False,27.7
2e544cf2920c4ea8a59810511cfbcde2.jpg,004534,66.36,VERIFYING,False,47.0
2e5755881b5e41f7959f9da086f1ca0f.jpg,matianyu,68.0,VERIFYING,False,48.2
2e8f41b68d6b45d68165a2aa431ffe1e.jpeg,004996,69.22,VERIFYING,False,45.2
2ec9cd49edfa47e3a6ee764634ba14ce.png,004648,72.03,VERIFYING,False,49.1
2eecc816b444465daabab5f02ce613ee.jpg,NO_FACE,0.0,NO_FACE,False,0.0
2f33a25c9b5c4ffbb8b5134fe78fa2dd.jpg,004867,68.84,VERIFYING,False,36.4
2f42747565c2486a994d590bd2670550.jpg,guojunchen,67.96,VERIFYING,False,47.6
2f88e0656da44bee8a9c768479bd271c.jpg,NO_FACE,0.0,NO_FACE,False,0.0
2fa17549f97e42b895ef91fcd6005364.jpg,004916,69.29,VERIFYING,False,45.5
2fc27b490d2a4facb70b417b2e36f757.jpg,004691,68.35,VERIFYING,False,44.1
2ff609128c224e73a97b4afda14e5959.jpg,004902,68.96,VERIFYING,False,32.8
3041fe3a34b14fb291e70a5e7a3963a0.jpg,004903,76.38,VERIFYING,False,47.4
30c0af02d2c2416fb1fa7a3196a34fe7.jpg,pengyuyan,68.62,VERIFYING,False,42.3
31163d8d8aa74540a2523d005d8f1e76.jpg,luhan,67.63,VERIFYING,False,56.2
315bfd73a1834eaabbcaa56a390a6875.jpg,004778,71.76,VERIFYING,False,41.3
3186c4a28fe549afb51c5dae991dee5d.jpg,NO_FACE,0.0,NO_FACE,False,0.0
31dd4359e53447cf9295e8c64985b1b4.jpeg,004903,72.92,VERIFYING,False,43.0
32001b717ce749e4930a3afd48bc6c17.jpg,NO_FACE,0.0,NO_FACE,False,0.0
322fe8402c654e4a91da0e21d973839b.jpg,NO_FACE,0.0,NO_FACE,False,0.0
324fa5d3a5ae4655b1478df22b3ab522.jpg,NO_FACE,0.0,NO_FACE,False,0.0
32a4989830ae4bbe86d1f49f0ff37704.jpg,NO_FACE,0.0,NO_FACE,False,0.0
32dd9f7416bb4c80948b455b0f3a152c.jpg,NO_FACE,0.0,NO_FACE,False,0.0
336de79e0fff4ff696ac0ab88c629baa.jpg,004903,75.48,VERIFYING,False,32.6
339c858a7b564d5fad630d0a14a45f4a.jpg,004418,68.35,VERIFYING,False,44.5
33a471e7d6614315b0e0d311b32f9d66.jpg,xuhao,69.5,VERIFYING,False,37.4
33affce0e2ec42a3a2dbbd51a2414a9f.jpg,004648,70.57,VERIFYING,False,47.0
33ec38321478469893258b122a766c43.jpg,xiena,69.31,VERIFYING,False,42.9
34494cf4382142d79989fa0a18420644.jpg,NO_FACE,0.0,NO_FACE,False,0.0
349e04bb78a94489ae770d1ca301fff8.jpg,004996,71.39,VERIFYING,False,46.3
34b406ef201b401fa1f9aa8eac5741fa.jpeg,Unknown,95.0,SEARCHING,False,32.0
34e59b4e152f4fbb9feba70bea45da3d.jpeg,Unknown,81.25,SEARCHING,False,19.6
358fceb22b2c448290d8b29f03aefafc.jpg,Unknown,91.75,SEARCHING,False,26.1
35a05f93192e4017aec0b8a59f4c9cf5.jpg,NO_FACE,0.0,NO_FACE,False,0.0
35badef5fb6d43bda41a5c91e3f08135.jpg,004903,69.62,VERIFYING,False,44.1
35f2611cf8b141bc8a8be167b02c9c82.jpg,004310,68.8,VERIFYING,False,41.9
36027be694c343398a9a026bf98c428b.jpg,Unknown,83.01,SEARCHING,False,22.8
3605ac1f80054f2ba3507dbb72494186.png,004778,72.34,VERIFYING,False,32.4
36325574e66541a6bb2ab011dacd5de0.jpg,Unknown,63.87,SEARCHING,False,24.4
36a8ceb66c3e4bdeab15e41c83727e5d.jpg,004414,68.75,VERIFYING,False,53.2
36c3203527d34424a7209d9a65071eaa.jpeg,NO_FACE,0.0,NO_FACE,False,0.0
36fca4aaebb74c85b994032342ed8f13.jpg,NO_FACE,0.0,NO_FACE,False,0.0
373c781d42a341e8bfa8b32a92e5d24d.jpg,NO_FACE,0.0,NO_FACE,False,0.0
37780b85fa0b45d195babd9fa8471c7c.jpg,004903,71.19,VERIFYING,False,38.8
37c4edfa93c74e699f8498c3446957d2.jpg,004778,72.45,VERIFYING,False,39.8
37c4f732c62c403db59af8f1f7c6ea2d.jpg,004778,72.84,VERIFYING,False,48.8
386c81fce4444681ad393e62e548f64b.jpg,NO_FACE,0.0,NO_FACE,False,0.0
38f6992fb02e4121b894f8e7faa914ce.jpg,004778,65.42,VERIFYING,False,44.8
39298d0f66644aff9e6849c8442a92b8.jpg,NO_FACE,0.0,NO_FACE,False,0.0
397a2348866541a78fad56baf32979d3.jpg,004418,70.95,VERIFYING,False,55.6
39fe8f52d7784566ac8e7d96c65397e4.jpg,NO_FACE,0.0,NO_FACE,False,0.0
3a0ae711c91044b29d59560689500c88.jpg,Unknown,95.0,SEARCHING,False,32.1
3a16e39a33f542bdb9de948a54f8e244.jpg,Unknown,60.4,SEARCHING,False,26.1
3a4a75fb66c743f6b5ae97f699e8d663.jpg,wangqi,69.4,VERIFYING,False,32.5
3a7d908b56034451b0f23951852ac334.jpg,zhangzhenyue,69.1,VERIFYING,False,40.5
3a95d4f6cfe84cda945ddd57209cad35.jpg,pengyuyan,69.37,VERIFYING,False,47.5
3a99975910c046a59b926be6589dc205.jpg,hejunxiang,66.76,VERIFYING,False,48.8
3aad6eba9b204ed8819d0c27b8f6face.jpg,004648,75.08,VERIFYING,False,51.6
3afff54659e94b35a7e40428f71a7d87.jpg,xinzi,66.07,VERIFYING,False,43.4
3b42927c91fd458b9347d962db47adbc.jpg,004841,67.38,VERIFYING,False,59.7
3b5ce6c89230442ea20e5017f22728f7.jpg,Unknown,62.89,SEARCHING,False,19.4
3b5fb54ea8f34285ac55a8304ccf7bdd.jpg,Unknown,73.19,SEARCHING,False,24.6
3b6180b9be414fe394c082c4f48348a7.jpg,NO_FACE,0.0,NO_FACE,False,0.0
3b712605b1d44cfda4bc4daee8c35786.jpg,matianyu,70.42,VERIFYING,False,46.1
3b7df2e813e642dc9d3d7f8753bcd760.jpg,004862,63.7,VERIFYING,False,34.5
3ba11e8801b34108a42b1c962e9ea964.jpg,004494,67.03,VERIFYING,False,40.7
3bb2d0647d3d4d09bf9414b89b55eebf.jpg,nini,69.32,VERIFYING,False,50.7
3be47df183a54953a8ffa887fd1edcff.jpg,zhangyuxi,70.03,VERIFYING,False,36.3
3c111d84b1d74ccc921ab448bf72042e.jpg,guanxiaotong,69.94,VERIFYING,False,48.6
3c1b6f234f844b0bb33374b7ab3b5857.jpg,004612,62.02,VERIFYING,False,50.6
3c236f3f7cb54768a0a738d99cce76f8.jpg,NO_FACE,0.0,NO_FACE,False,0.0
3c3a334288724b71b4c658b34242d7eb.jpg,004418,70.03,VERIFYING,False,43.8
3c464eb304bb4dfeb4a7dfe9b3cb2a73.jpg,004661,66.66,VERIFYING,False,61.8
3c5039e2684c440d9e2cb09733fc7f68.jpg,004648,73.32,VERIFYING,False,44.6
3c95b3ced5c74ec89aef8f19a0bf03a9.png,004903,72.16,VERIFYING,False,39.1
3ca1b044393b41499822610683d4e814.jpg,chenweiting,68.05,VERIFYING,False,50.2
3d0ff03db1a3428bae95dc0a5ecc0e03.jpg,004903,74.11,VERIFYING,False,32.3
3d736b8f1f2746d4810891683fb68015.jpeg,xinzi,69.35,VERIFYING,False,41.4
3e1b7de697404d20adae6b1e38b35514.jpg,004903,74.73,VERIFYING,False,49.1
3e229e1af4e84fec86c995686aa8c952.jpg,nini,70.72,VERIFYING,False,52.1
3e7e161faebe4d108d3ce654134075d0.jpg,xinzi,70.61,VERIFYING,False,33.7
3ea17eaabda64fd78302fd09b5e888a3.jpg,Unknown,86.08,SEARCHING,False,17366.0
3edcbc421f7a46e683376448eeeab062.jpg,wangqi,70.19,VERIFYING,False,150.0
3f0e9bd43432433287fc96371c6f733b.jpg,chenweiting,70.98,VERIFYING,False,57.4
3f3ea54b58e949ccb8d83a0ddc841871.jpg,Unknown,91.16,SEARCHING,False,28.4
3ff257c925da4d5983d6d4b08c9df351.jpg,Unknown,95.0,SEARCHING,False,23.9
402b66a6496c4adfa46b43ed44ed66a0.jpg,004821,69.57,VERIFYING,False,44.1
4040816b38f64b8b92eb5d05a845ca94.jpg,004648,71.78,VERIFYING,False,33.2
405516bf2f2c4ba0b8daa9f2abaeae50.jpg,NO_FACE,0.0,NO_FACE,False,0.0
427d0c3728724f30a1e8129006d4d65f.jpg,004350,67.97,VERIFYING,False,51.0
429f04b21a934703a50b2f500651b0f6.jpg,004648,73.12,VERIFYING,False,38.2
4306c0c53ac948908fcb37b95961662e.jpg,zhangzhenyue,69.39,VERIFYING,False,45.3
4318854f17044c30929a702edfe64fa2.png,mowenwei,68.75,VERIFYING,False,47.2
433afe8d8f7449ecbaf052cb84e59402.jpeg,nini,71.08,VERIFYING,False,34.0
4356e2954a36433f88bfbf06ee3fc9e5.jpg,004672,67.74,VERIFYING,False,44.7
437bd09d810a4de59103afe73f5ad332.jpg,004648,71.87,VERIFYING,False,35.8
43dfffa401ef48ee8e3b642077464c04.jpg,004499,69.09,VERIFYING,False,47.1
43ea626b597c4e1d9541f4b95d0fbef6.jpg,NO_FACE,0.0,NO_FACE,False,0.0
443d25b3806c48d6b851d60a5f1f9732.jpg,NO_FACE,0.0,NO_FACE,False,0.0
444991048a824fe6b1cae789f2ea6fea.jpg,Unknown,95.0,SEARCHING,False,28.2
44697be7aa924947b689606f38549d84.jpg,pengjing,69.29,VERIFYING,False,38.3
44c3247326ad45ba89ac4158ddfdb2d1.jpg,xinzi,73.4,VERIFYING,False,52.1
44eaaf909aae4c259c0706fcfb6e4371.jpg,zhaoyouting,68.92,VERIFYING,False,38.8
4512ecfed9b74d25983fa7452c02982d.jpg,NO_FACE,0.0,NO_FACE,False,0.0
451fb70bc62943cebd9681bd2201a852.png,004903,74.27,VERIFYING,False,39.0
4534e00b808d437ab05f8a14376f6215.jpg,004903,76.54,VERIFYING,False,40.8
45a9bd12af3b4305a9c48f5fc5253ae5.jpg,004778,68.38,VERIFYING,False,53.2
45d538c6755249d7885cc3b7284ee075.jpg,xinzi,74.35,VERIFYING,False,49.4
463445ea369a4eadb9b888352d43eea4.jpg,Unknown,95.0,SEARCHING,False,33.7
4639ead6698149aea6de2cc1d42d999b.jpg,songqian,69.45,VERIFYING,False,56.5
46a771cb988f44adac480cbad8618776.jpg,004157,68.28,VERIFYING,False,51.9
46abd8dee5a245b5a0e4dc643122c464.png,004821,68.82,VERIFYING,False,40.3
46b8cdc8d7574e7f8cf3687f51541556.jpg,Unknown,91.26,SEARCHING,False,34.2
46cdeb61778944689971a72c27c4a88a.jpg,songqian,70.38,VERIFYING,False,44.9
46f6d44638f24b8a856a38b5e6eab96f.jpg,004648,71.94,VERIFYING,False,44.6
473c7ca4960f4fb5a86ac5aa1cb84e04.png,qinjunjie,69.01,VERIFYING,False,47.8
4748609990f8408d9c3075fca5b5a73e.jpg,004862,67.38,VERIFYING,False,48.5
4755f30bdcbe490eb4a88b78d2ca8e0f.jpg,NO_FACE,0.0,NO_FACE,False,0.0
47add824a6924bddae3bf4cd658e8dbe.jpg,004648,71.44,VERIFYING,False,32.6
47b5b9230cbb4bdea633bda0c30bdde3.jpg,wangqi,69.77,VERIFYING,False,45.1
485fc0abc43e468db83135488b57b84e.jpg,Unknown,60.11,SEARCHING,False,19.6
487f857b9aa04acb93dd83304592c4dc.jpg,wangyu,65.67,VERIFYING,False,35.4
489b52e3d2be481b9097250cb81cd3ba.jpg,NO_FACE,0.0,NO_FACE,False,0.0
48dff7555a01442885aed402ec7e92ac.jpg,NO_FACE,0.0,NO_FACE,False,0.0
48f6e0d372ed4442adb2278405f2726f.png,004903,69.97,RECOGNIZED,False,39.2
499bbd115854424397940b9b774e81b4.jpg,Unknown,58.06,SEARCHING,False,32.6
4a46417435314a1aa065a6ca096b339b.jpg,004841,67.93,VERIFYING,False,53.5
4a749c5b1965497db1e43db971fe3178.jpg,baobeier,67.14,VERIFYING,False,46.6
4a8905042e23406884a453389384ecca.jpg,songqian,70.03,VERIFYING,False,41.6
4aff37db9f1b40d0910fdb0f7c82f129.jpg,004162,69.18,VERIFYING,False,44.8
4b338a807838490591216d635de893b5.jpg,004418,70.14,VERIFYING,False,49.6
4b34dbb050714f5ba5f3c951e069c01f.jpg,004418,70.69,VERIFYING,False,39.1
4b6f11ead4ba4377a7776e9d29deed2a.jpg,004672,67.05,VERIFYING,False,35.1
4badc27a541640daade1353dd7744ced.jpg,chenyi,68.97,VERIFYING,False,50.3
4bc35345552241a785b03026e6dd3a3d.jpg,004560,70.05,VERIFYING,False,43.4
4c0e39707ff24767b8694992b1f97d4e.jpg,yangzi,67.95,VERIFYING,False,44.1
4c825438c06a451f82f95e0cf61e8084.jpg,004903,69.27,VERIFYING,False,40.8
4c8bd97e063f4592a601240054e7b204.jpg,fanganna,67.19,VERIFYING,False,47.5
4cc0ee69494a43d5be9ab499987ef6e6.jpg,wangyu,68.05,VERIFYING,False,42.6
4d0676fd016045349aa5aff4ee1f1da6.jpg,004494,70.79,VERIFYING,False,45.0
4d32eecdadc446cfa2fedbcd3de0eb4c.jpg,NO_FACE,0.0,NO_FACE,False,0.0
4d3762afc1a6417499cfc1635158cfb5.jpg,004903,67.87,VERIFYING,False,45.2
4d899df525d6493d8f57ee093a8894ef.jpg,004903,73.07,VERIFYING,False,52.7
4dcf2a559055479fa89dd330556922ca.jpg,songqian,66.96,VERIFYING,False,44.9
4ddad3418e674b2a8610d422ec305ee3.jpg,NO_FACE,0.0,NO_FACE,False,0.0
4de81f90e1124230a34efefdfe7e639a.jpeg,004689,69.59,VERIFYING,False,43.6
4de8fae4a85544da988ec63485da9680.jpg,wuzun,67.3,VERIFYING,False,55.2
4debc9cb803d4829a8811a27ff72ceef.jpg,004903,74.4,VERIFYING,False,50.0
4e01765d4fea4c1482e8645ce77787f0.jpg,Unknown,91.55,SEARCHING,False,33.5
4e2515a903da46f9a615cb841ec14afb.jpg,004903,76.46,VERIFYING,False,44.8
4e39ab9b1f264717b7f46eac363239e2.jpg,Unknown,88.38,SEARCHING,False,24.3
4e5fdd91068844dab51621a80c6cf810.jpg,jiangyiyi,68.28,VERIFYING,False,34.2
4e71fcf6e8b1455f9535f84dde7a726b.jpg,zhoudongyu,69.34,VERIFYING,False,52.2
4e7a48b401f04712af3b80728f675d18.jpg,zhaoyouting,66.93,VERIFYING,False,53.2
4e8da71b3da44574939acb773bf3d0ca.jpg,NO_FACE,0.0,NO_FACE,False,0.0
4ea89686b1b1403899ed197720544386.jpg,NO_FACE,0.0,NO_FACE,False,0.0
4edb118d7385496ab1943b64a81c4dd8.jpg,004689,70.88,VERIFYING,False,49.9
4f1927d79c424cbf9bc968b2567075a1.png,xuhao,69.49,VERIFYING,False,41.9
4f52d7cac65945369765476a9a9a80b5.jpg,004903,79.27,VERIFYING,False,44.5
4f6a8c13dbf544c3b265a872a2c09f65.jpg,004622,69.88,VERIFYING,False,43.0
4fe6cef459f440faaed126ac03f60caf.jpg,004672,68.88,VERIFYING,False,41.5
4fe88e07be70414ea38227c92328655f.jpg,004596,67.97,VERIFYING,False,50.4
501568b9672441159ce619601d4a5c34.jpg,yanyalun,70.43,VERIFYING,False,44.3
5044b949a1d0447aaa83d0be4485db18.jpg,NO_FACE,0.0,NO_FACE,False,0.0
504d02c834c5433f82626f6aeb9d9ea8.jpg,Unknown,63.18,SEARCHING,False,24.2
505232b4ba8b4882af3497d9ffb6ceb7.jpg,changshilei,66.22,VERIFYING,False,41.8
50b6d421f93145a188fc477b67badb79.jpg,004903,81.12,VERIFYING,False,40.7
5117465f218844ed969849e689dae5ae.jpg,NO_FACE,0.0,NO_FACE,False,0.0
513a09e03abb4a6da3c8cc707f80eb8e.jpg,004903,81.49,VERIFYING,False,42.1
518c4c73ff2f42b1bdf36c63193ae677.jpg,004596,71.86,VERIFYING,False,46.7
5194307fe4314a11bf4f5792d650ab0a.jpg,wangqi,70.69,VERIFYING,False,50.7
51cbbca9ae314042bed5300d772a984f.jpg,004903,83.11,VERIFYING,False,51.1
522784f8480846a4b72cd848f4ce043f.jpg,chendouling,67.85,VERIFYING,False,52.2
52286378ad26470c835002cc0ef46ffd.jpg,004534,69.29,VERIFYING,False,47.0
5235de4fc0b94645b9dac8708203922b.jpeg,songqian,70.56,VERIFYING,False,46.2
524598bd12c146bf8d9ad02b5cbca2b6.jpg,004867,69.03,VERIFYING,False,47.6
524758239c6945e298d729f0c3b8b3bf.jpg,NO_FACE,0.0,NO_FACE,False,0.0
52bf58597310457dbe32022e41a5d045.jpg,004496,65.43,VERIFYING,False,42.5
52cb17fc10874e77b6bea639f8959552.jpg,NO_FACE,0.0,NO_FACE,False,0.0
53137a53cc9d4a7dbd3c11c7d6aed1a5.jpg,004903,78.93,VERIFYING,False,44.7
534c8bddb9104c3ea7a2ea4e7fb61371.jpg,wangxiaochen,71.25,VERIFYING,False,54.6
53ae1cc580444ef0909d646c895e54ed.jpg,Unknown,89.65,SEARCHING,False,32.1
53cb617eba09423f8c797b0a2a5ceba4.jpg,NO_FACE,0.0,NO_FACE,False,0.0
5407564590a54ff98048f25da21cbfe7.png,004903,82.02,VERIFYING,False,39.2
546e6da957704ee7936b31a39fe80696.jpg,004113,69.16,VERIFYING,False,43.8
548b230ddbb544b9bedec741b5f344dc.jpg,004903,81.65,VERIFYING,False,44.8
549a5611db184f158a2c2596147b7520.jpg,004661,67.14,VERIFYING,False,48.2
54c167f087344c878f2e90d633f7f2b9.jpg,004903,75.81,VERIFYING,False,33.0
54cc315a03e24bf4a9e3a42c759a956a.jpg,xujiao,67.69,VERIFYING,False,49.2
54fa024e432f45cb8e3da0eadb392ec1.jpg,004853,68.45,VERIFYING,False,42.2
554fa2eaf90248b39e3cbeb114148b1a.jpg,huangshengyi,68.35,VERIFYING,False,49.2
556f06c81e1b476684c3ff108e476036.jpg,tanweiwei,67.79,VERIFYING,False,46.1
5579a9b3d39542d480d25700d4101e89.jpg,004266,63.49,VERIFYING,False,44.2
559967550d8e46bfaf5c5357b70c4859.jpg,NO_FACE,0.0,NO_FACE,False,0.0
562cdc28098245809d9a5af2317fdfc3.jpg,Unknown,93.65,SEARCHING,False,36.3
56481117b8a04cc5a41505633b4ac270.jpg,004903,81.17,VERIFYING,False,46.6
5654fe82f7354b09826b2cb83b780666.jpg,004113,69.0,VERIFYING,False,41.5
5689298d53f745cfa3a1fce16d665991.jpg,NO_FACE,0.0,NO_FACE,False,0.0
56db7b2f39004eb69c3909be9dce72ab.jpg,004903,83.68,VERIFYING,False,50.6
56ecac3e43be4e0ca443e0d6afeb5d71.jpg,NO_FACE,0.0,NO_FACE,False,0.0
571884cd84c8433b80f09467b219fcf3.jpg,004224,67.79,VERIFYING,False,45.1
5720001a6f8349b38837b723e9961758.jpg,chendouling,70.49,VERIFYING,False,53.6
574ef78d49d445028e2b35e73799d8ea.jpg,huangshengyi,70.74,VERIFYING,False,80.2
5774a2544c654d1fb2fa14da921e9724.jpg,004537,69.59,VERIFYING,False,43.7
577817cd89754534ab325f0dc6f817fc.jpg,004822,67.42,VERIFYING,False,51.5
57930bbe13f04f5e8f3c6f050046f0d8.jpg,wuyifan,69.19,VERIFYING,False,49.6
57a0ec9d9fa848e6b2651f7dc9e30df1.jpg,004113,69.79,VERIFYING,False,54.0
57ab565ca19843d98a456ccd4333ef24.jpg,NO_FACE,0.0,NO_FACE,False,0.0
57b3c0b53cfb4ba6b0ddf540c7d2de3b.jpg,NO_FACE,0.0,NO_FACE,False,0.0
57e21e277bc84f1ba13f1e29dbc57f02.jpg,004780,69.48,VERIFYING,False,35.6
588221ed23424c1992218a3ba78b2c54.jpg,004190,64.69,VERIFYING,False,48.8
58e47a54095142f488a7cd63cdb8a10f.jpg,004822,70.62,VERIFYING,False,45.5
59a4767a541e4c8c8ada0b5d5a8cdbe1.jpg,004822,69.9,VERIFYING,False,54.0
59a799357cdb425fa705f76dbeb3a793.jpg,Unknown,70.02,SEARCHING,False,33.4
59debde8cf2d40758ebaa68f0864e0a3.jpg,NO_FACE,0.0,NO_FACE,False,0.0
5a1e3ef95c174b38b69d65886bddcc09.jpg,004418,68.64,VERIFYING,False,37.0
5a28c0e62814491cbc18751fd5363acf.png,004537,72.69,VERIFYING,False,46.8
5a454e861b834affb28777e373ab1c2a.jpg,004227,71.11,VERIFYING,False,54.5
5b1823acb7f14dd4b60231ca34493314.jpg,NO_FACE,0.0,NO_FACE,False,0.0
5b1e0f3e222b48519698282322816bf2.jpg,Unknown,95.0,SEARCHING,False,32.2
5b49b83f949146ad9e9640b79607c00b.jpg,Unknown,70.31,SEARCHING,False,28.7
5b915c4243114e89ac4423bc99c52178.jpg,004903,73.29,VERIFYING,False,42.5
5ba87b119d3e451d8a3fdecd1c55097c.jpg,NO_FACE,0.0,NO_FACE,False,0.0
5bfee422539741a79736b0640525a1c1.jpg,anhu,68.35,RECOGNIZED,False,44.1
5c0e49b5c53b47cd948304c8f8bd52a0.jpg,004197,69.77,VERIFYING,False,54.3
5c14301e8708435dbcadc2b03c9d1226.jpg,xujinglei,68.35,VERIFYING,False,48.4
5c1920298b7043efbf05d07a572ecad8.jpg,004272,70.03,VERIFYING,False,43.9
5c19716147aa4e0cb6aa9096c77be616.jpg,NO_FACE,0.0,NO_FACE,False,0.0
5c59a62f74f1429288f8cb46204e3f6f.jpg,004229,69.03,VERIFYING,False,41.4
5c61ca0d5d0749f3a9987aa96e4cfc97.jpg,xiena,65.83,VERIFYING,False,44.7
5c849fe0f3204501ad375c139779b376.jpg,zhangmeng,68.47,VERIFYING,False,48.0
5cc0505134c84b0e8f031db8f696626e.jpg,NO_FACE,0.0,NO_FACE,False,0.0
5cc62e9fa7f5496ebee76c461fcba3e1.jpg,Unknown,89.99,SEARCHING,False,37.0
5cdf23437b6f405083fed08d5a11d616.jpg,Unknown,51.27,SEARCHING,False,26.4
5ce65d04ecfa4f1a8946b1bb62c78b0c.jpg,NO_FACE,0.0,NO_FACE,False,0.0
5d05241173e7443daf657061ba7b7e65.jpg,NO_FACE,0.0,NO_FACE,False,0.0
5d8de13cfa394613bd6c821218bd1ed9.jpg,004494,65.73,RECOGNIZED,False,29.0
5dbd00945f1c4a6e8146badc0aa6ceb8.jpg,004778,70.06,VERIFYING,False,45.4
5dd1a43db1eb4046afcb0b1ef6c2a220.jpg,004463,62.87,VERIFYING,False,56.5
5ecaea2263e34f5b8019ed732e786d81.jpg,linsiyi,64.96,VERIFYING,False,47.1
5eccd6a8d09f4179bf77f43f3e93d1f9.jpg,004689,68.74,VERIFYING,False,51.1
5efd8e79f75c4a4984df58422dff2d3a.jpg,004897,69.31,VERIFYING,False,57.7
5f3419a785c2497a9d7a6c4acf42a18e.jpg,004418,69.5,VERIFYING,False,45.8
5f9e4a6c73fa4a358cd9c6aa1868a3b8.png,NO_FACE,0.0,NO_FACE,False,0.0
5fa7ca836d8449bc91d4c22af7e98efd.jpg,NO_FACE,0.0,NO_FACE,False,0.0
5fcd9cd78b88487eb63a29531c27afd5.jpg,004942,67.82,VERIFYING,False,56.7
605c50a0169741ef8184200b5deaba1f.jpg,NO_FACE,0.0,NO_FACE,False,0.0
607fc5e0568c4714948db861e3407988.jpg,luojin,69.18,VERIFYING,False,52.9
609f19cbd45c40e09055a213588ee32b.jpg,jianailiang,68.9,VERIFYING,False,52.6
60df05a095934041baf153ca900619df.jpg,dengchao,67.94,VERIFYING,False,48.0
60f8f951f5e944e4ac74a5426946ad66.jpg,004942,65.69,VERIFYING,False,58.8
61580b0dba3d4044b298410a1e97308c.jpg,004778,71.19,VERIFYING,False,46.4
625449413ca54b8db5fbc288a90f04d4.jpg,Unknown,81.4,SEARCHING,False,25.0
628ac8aa422e46c79aacd538a91efdb2.jpg,004778,73.25,VERIFYING,False,37.5
628fef4197904ee48d1dfde8f9036734.jpg,004778,74.19,VERIFYING,False,43.0
629494cb5537429ab828629170b66793.jpg,NO_FACE,0.0,NO_FACE,False,0.0
62b6a44dff764eb693d88e963a697532.jpg,004798,66.2,VERIFYING,False,52.0
62ea9148a94c45dc8d355c3e9d68d264.png,NO_FACE,0.0,NO_FACE,False,0.0
62edd2e6cf97404dae520db693b7cb71.jpg,NO_FACE,0.0,NO_FACE,False,0.0
630d693a5c55463aac7bf5f2ca194460.jpg,004778,71.33,VERIFYING,False,46.7
631ed05277bc4124bc443bd949c85139.jpg,Unknown,79.3,SEARCHING,False,27.3
6334606cff784e46a7af1b2a72225a47.jpg,zhengshuang,69.42,VERIFYING,False,52.0
6361107c1151493b9ac068c09c109d1a.jpg,NO_FACE,0.0,NO_FACE,False,0.0
63b8ac65006c48559f037f0d7c192fec.jpg,004176,67.93,VERIFYING,False,53.4
63e8bb87042248f186dad19fb03a9a10.jpg,004662,68.03,VERIFYING,False,17450.9
63fe9ad02bac403cadeb7ad79a001b1c.jpg,wangqing,64.45,VERIFYING,False,54.1
6420c57ad3db4246903b950b05af3440.jpg,NO_FACE,0.0,NO_FACE,False,0.0
6424b1f317584340af5d953834266dd3.jpg,zhangzhenyue,69.94,VERIFYING,False,50.9
643597e6db224a489072ff0d6e9884f6.jpg,NO_FACE,0.0,NO_FACE,False,0.0
643a7b192af140279af92dc74eeac29f.jpg,mingdao,69.98,VERIFYING,False,41.9
6452ffb795a541fbb4192473e14fd2c1.jpg,houminghao,70.47,VERIFYING,False,49.9
64a89c5967a746ada52a5a16c0ddcbe4.jpg,NO_FACE,0.0,NO_FACE,False,0.0
64c69e600e4946fea31b19055818bf27.jpg,tangyuzhe,69.47,VERIFYING,False,42.8
64c967b78db84b8ca1182081b03ac6f5.jpg,NO_FACE,0.0,NO_FACE,False,0.0
64d5105fbd494b529f3c100aa7518c49.png,004778,76.54,VERIFYING,False,39.1
6516dd6d54a94764a456a2ca5f672681.jpg,004778,74.51,VERIFYING,False,54.4
6520a086a96d4a8fb58376b0e0d9ec61.jpg,004778,78.26,VERIFYING,False,53.5
653d0727a2f84e1d8eb36c60dc34199b.jpg,Unknown,92.09,SEARCHING,False,35.5
655142edd78b4b1e8af85f314e7cf396.jpg,Unknown,95.0,SEARCHING,False,26.9
6572fd3412074ed19ff1c9a438b7b0cc.jpg,004778,77.0,VERIFYING,False,45.4
659ce662216e4a66b45b809f249ff703.jpg,NO_FACE,0.0,NO_FACE,False,0.0
65b5bb47153b44cf834dd5dc699e2e5a.jpg,tangyuzhe,67.28,VERIFYING,False,42.6
65e237fa62394f4a802a6508f6adf4b6.jpg,004778,81.31,VERIFYING,False,47.0
66248b3b66124a75a4eda7e35c8f983b.jpg,004534,70.21,VERIFYING,False,41.2
66b8e73ef41a4855ba356f75a4a45248.jpg,wangqing,68.65,VERIFYING,False,32.9
66e6ecdf78a54cdfab1ebca218973997.jpg,axin,68.55,VERIFYING,False,40.7
67660b00398743b09e0a07d9dcdee04a.jpg,Unknown,80.13,SEARCHING,False,28.6
678d789dbadb41e484619e3df660a770.jpg,NO_FACE,0.0,NO_FACE,False,0.0
67acb488b7ed45cf9fa9e01cd5479ee8.jpg,004743,68.11,VERIFYING,False,54.0
67e5d06e98c642e69d5f50ea83b108d3.jpg,NO_FACE,0.0,NO_FACE,False,0.0
6843ab71599e46458732f28234be735a.jpg,NO_FACE,0.0,NO_FACE,False,0.0
68643261940347acac2b7a639f5fa6a6.jpg,NO_FACE,0.0,NO_FACE,False,0.0
6865913254f549e4abbc7b4866ee0cdb.jpg,NO_FACE,0.0,NO_FACE,False,0.0
6865b5386190467d90738c03205691a5.jpg,xiena,67.97,VERIFYING,False,54.0
6897cdfdafc94abdb1429fe84f735c51.jpg,NO_FACE,0.0,NO_FACE,False,0.0
68cf2b691af848e18eecc8e24ba40e31.jpg,Unknown,50.59,SEARCHING,False,29.9
68f87d5f53f441088c47c45983f82ded.jpg,004494,67.56,RECOGNIZED,False,53.4
68fde4ac4f5e4c2ba8c1c4e270bcb823.jpg,Unknown,55.66,SEARCHING,False,22.0
69295b7d0f2849e68d83ff13e0f03671.jpg,NO_FACE,0.0,NO_FACE,False,0.0
692b524098784fbdb9805345144f2d10.jpg,dengchao,69.61,VERIFYING,False,53.6
6936e99a44cc47039c9a366f17560eba.jpg,NO_FACE,0.0,NO_FACE,False,0.0
6942e9830786453289612b0f662daad6.jpg,NO_FACE,0.0,NO_FACE,False,0.0
6963030097b040cc94c65e97dc2249eb.jpg,luozhixiang,67.56,VERIFYING,False,38.0
698f0679e1c046fc90f31510edac923e.jpg,luojin,66.71,VERIFYING,False,41.5
69c4a4401a4d4ea3af9acea5eeddd82f.jpg,004991,70.31,VERIFYING,False,55.3
6a076ed66b344c25a3f3df1b8db0b162.jpg,xuhao,67.88,VERIFYING,False,42.3
6a0e5044009a485fb786db49156d6f3b.jpg,004463,64.8,VERIFYING,False,42.7
6a10174f50c04d27b1e9fc7a958e7414.jpg,chenweiting,67.42,VERIFYING,False,41.8
6a20e59b585d48c28e3ceadadf826b31.jpg,NO_FACE,0.0,NO_FACE,False,0.0
6a3d786456ad41258bfa9788f63fd25c.jpg,004971,66.53,RECOGNIZED,False,55.8
6a3ec0ad288f478db816cf528ec45d37.jpg,NO_FACE,0.0,NO_FACE,False,0.0
6a698b91ff2341b6a2315d0992d53dfc.jpg,004748,68.08,VERIFYING,False,48.2
6abc14bc40d543a88048718c06f93743.jpg,baobeier,67.9,VERIFYING,False,54.3
6ad3e66c3aaf4765a9f76ef1398cff49.jpg,Unknown,92.53,SEARCHING,False,24.9
6b17b5efd54945d8ad68d560e8d0c31f.jpg,NO_FACE,0.0,NO_FACE,False,0.0
6b31050bdee949c3bebfd86e2cf3b031.jpg,Unknown,66.55,SEARCHING,False,32.2
6bbd3625c54b492ca786c76d98990ee4.jpg,NO_FACE,0.0,NO_FACE,False,0.0
6c26545a2ad04c02a8038f9467efd59e.jpg,haiqing,68.95,VERIFYING,False,35.7
6cb0cf643b9e4b15aae439f5fab53661.jpg,004822,67.68,VERIFYING,False,17030.9
6d734a22fd8944b9bb98765ebee1cea5.jpg,dengchao,72.96,VERIFYING,False,55.3
6e28d931d81d433bb8c07a54529bc294.jpg,xiena,67.92,VERIFYING,False,51.9
6e311747bcf24f92883341759104a7a5.jpg,NO_FACE,0.0,NO_FACE,False,0.0
6e4b02aa8f9c45cabaf1830f689ddcc1.jpg,NO_FACE,0.0,NO_FACE,False,0.0
6e5ac02d2a04417186b5ea894854f4f9.jpg,panyueming,68.39,VERIFYING,False,52.5
6eb5b9979a1c43469a6160afe90babc4.jpg,NO_FACE,0.0,NO_FACE,False,0.0
6ec8dd617eea458d87219174750a7d61.jpg,jiangwen,62.74,VERIFYING,False,50.4
6ed0985408d247b6bcd0ec8b707944b4.jpg,NO_FACE,0.0,NO_FACE,False,0.0
6ee33083ba094562ab0d7eda47de196b.jpg,004534,66.63,RECOGNIZED,False,54.0
6f0aa8536abf4dd4bc171887bc717b40.jpg,yangqiming,67.52,VERIFYING,False,49.1
6f1aecfd9dc64c61ac416bae8e7854ec.jpg,004903,69.67,VERIFYING,False,46.3
6f3cad51bdaa40a3849bfc813ed2cc4e.jpg,004508,69.16,VERIFYING,False,38.6
6fa3817a94fc475b9e6ee215b881bd26.jpg,NO_FACE,0.0,NO_FACE,False,0.0
6fd160a431974c6a9c0af1b9a94b9f9b.jpg,004508,72.57,VERIFYING,False,46.9
6fd303a7746443728816500e2b348262.jpg,004144,64.83,VERIFYING,False,56.0
70c2e64904954c2ab46c0f87bc867348.jpg,004224,69.43,VERIFYING,False,43.3
70db9f88799d4c6ba43e084f441a7e07.jpg,Unknown,85.11,SEARCHING,False,24.5
7126201335224c54be8ca3fa20ba444d.jpg,chenweiting,68.53,VERIFYING,False,57.8
71592fb67beb443783581f1ded4e4657.jpg,Unknown,95.0,SEARCHING,False,21.5
717cc48755974b61bf73495aac4e77bd.jpg,zhangziwen,66.73,VERIFYING,False,40.5
71ac66eaa090412ea54e7010dbbc98dd.jpg,004137,70.55,VERIFYING,False,40.7
71bc2935f32c4ce3b1a22ceb60672d1b.jpg,huxia,71.51,VERIFYING,False,35.3
71f49879bd4049ce9c4013d8ee1dada3.jpg,004534,71.9,VERIFYING,False,51.8
7253db1f43854986a6610e357d8500b7.jpg,004648,69.21,VERIFYING,False,38.1
727b8567fc5f476da775405255bf614e.jpg,004691,67.44,VERIFYING,False,42.0
727c2f86374243dba7fe973e21a67311.jpg,004414,68.29,VERIFYING,False,50.3
7293b4fc65854049917a0535a6a0157b.jpg,004113,69.86,VERIFYING,False,41.9
73208c0acbfa4a8784fd1f2b5c0353e8.jpg,004903,73.86,VERIFYING,False,46.3
734d4663eb39436a88e551f7b08ff03c.jpg,Unknown,55.27,SEARCHING,False,21.1
73c02b5faf014602a5eec3a645ccc23c.jpg,NO_FACE,0.0,NO_FACE,False,0.0
73c68f424c4e4f17afbe59c7f5c40d98.jpg,004903,74.51,VERIFYING,False,38.1
73dfb5c36d0842839984bd407b86d614.jpg,NO_FACE,0.0,NO_FACE,False,0.0
73eb429f8db04e04aaf3353272e1b45c.jpg,004903,75.27,VERIFYING,False,53.2
7431cfc1278d45cb9ed0f37023eb71b4.jpg,NO_FACE,0.0,NO_FACE,False,0.0
74990a0ffaca4de0b0d0f39aeccd0e56.jpg,004510,66.62,VERIFYING,False,34.0
7501f832938d4840b814724a55b6f758.jpg,004683,69.16,VERIFYING,False,48.7
751a5947d6bf40439b28a96c7b50ddaa.jpg,meiyanfang,67.74,VERIFYING,False,46.5
753eae288a2c4149837912715ecea44e.jpg,004534,70.23,VERIFYING,False,44.3
75494b2f2870419099415237dd897681.jpg,004714,64.81,VERIFYING,False,48.9
755a423b57084f1c80cb18292bee6d44.jpg,zhanghan,67.51,VERIFYING,False,40.0
761a0bd886734e0d9596dd67fffad4df.jpg,liujialing,66.55,VERIFYING,False,54.3
768f9dd59acf4cf5bb232dcbc0fc707b.jpg,004903,70.15,VERIFYING,False,57.4
76dcdd4060304ca8b6a84bc20b5ec61a.jpg,Unknown,87.5,SEARCHING,False,22.5
76fd8e15547c47a197eb35fce735b7b8.jpg,wenzhang,68.96,VERIFYING,False,53.1
773f6fbe4ecf4582bfa56f0147dd1a8b.jpg,zhangyuxi,67.88,VERIFYING,False,45.5
775e8f376b3140d5a3f755c9b3f01a71.jpg,chenguanxi,69.07,VERIFYING,False,47.4
7770a4d297f74450a1808f1b603ed822.png,004465,66.28,VERIFYING,False,53.1
77816542b40d48ac93798867b2d767a7.jpg,maqiguang,68.45,VERIFYING,False,46.0
77adea919b4c462d9edf6cc8276cb935.jpg,004743,66.76,VERIFYING,False,45.3
78340ab8a88843858879977a8c1eab25.jpg,Unknown,68.41,SEARCHING,False,32.3
7879c72e622946268c5e86508fc632fe.jpg,Unknown,95.0,SEARCHING,False,25.1
787ab6559ec644c7b5b1f12b8f70727b.jpg,songqian,69.19,VERIFYING,False,43.0
78cd47e8c69e4e21a157f005d1c004ca.jpg,NO_FACE,0.0,NO_FACE,False,0.0
78d6e3e441944fcbae48fb02d7c284f4.jpg,NO_FACE,0.0,NO_FACE,False,0.0
794c5b4f67064ac0892e09927e2d9d20.jpg,004903,78.57,VERIFYING,False,40.2
7977fcf134774e92a5f30e2c8ebe0b03.jpg,004803,69.42,VERIFYING,False,47.3
798e5139e81d43c1940f5090bcabac00.jpg,dengchao,69.57,VERIFYING,False,45.3
79a6a86f7ce949339fa740ac04847e76.jpg,Unknown,95.0,SEARCHING,False,37.4
7a5fa9ddaa3a4e6bad3c7e6f8a059b53.jpg,004903,76.68,VERIFYING,False,43.6
7aa1568590ff480cba7fb8a4eaa9ea66.jpg,004171,69.17,VERIFYING,False,43.3
7ab1c91ca6a347c1aa08d8b862efbbe9.jpg,Unknown,71.04,SEARCHING,False,25.2
7b3928f473b7498ea4e59778796f4515.jpg,004743,69.52,VERIFYING,False,44.8
7bb257097a1946e9a5dbda0ba7048ce6.jpg,zhaoliying,68.28,VERIFYING,False,45.3
7bc5cb13177246f9b916c07175f9e264.jpg,004903,80.24,VERIFYING,False,47.5
7bcbee0f9a274b098db23b15f3945c7c.jpg,yangqiming,68.31,VERIFYING,False,43.2
7bd0a00303244ea7b96ba281b11e500b.jpg,Unknown,71.24,SEARCHING,False,36.6
7bf2035486a14f5aae73203c65d0fdaa.jpg,004903,80.6,VERIFYING,False,43.9
7c216ca5c02344b8ad215fbb93380194.jpg,panyueming,69.08,VERIFYING,False,50.9
7c51cb052f1a4610b3078b69331b52bc.jpg,nini,69.28,VERIFYING,False,48.4
7c8e02b4d1e54cb8adbc72f7d70b0c7a.jpg,NO_FACE,0.0,NO_FACE,False,0.0
7d006540c56445eba570f4c0b100ef8c.jpg,Unknown,90.19,SEARCHING,False,46.6
7d3a9b0ce48142c5abd0dc8fcaa58650.jpg,guojunchen,68.11,VERIFYING,False,45.8
7dd52201cdf34dc5881d13bd69c4a70c.jpg,Unknown,95.0,SEARCHING,False,31.1
7e512afc8913489db16348a72a5b9155.jpg,chenhuixian,66.25,VERIFYING,False,33.7
7e65375388b344c3851936d6c3bb7af5.jpg,Unknown,93.36,SEARCHING,False,24.6
7eb41649effe48b38b114646bbe3f03b.jpg,NO_FACE,0.0,NO_FACE,False,0.0
7ef1a2ac4f87476796b1a2aea035aa57.jpg,zhangzhenyue,70.3,VERIFYING,False,41.0
7f2d9e68963e45a892ea203f794eef2a.jpg,wenzhang,65.14,VERIFYING,False,46.4
7f6b212f8b8240b2b01fe35bad537800.jpg,Unknown,95.0,SEARCHING,False,21.0
7f8ad361f232489abfa557abf15285d8.jpg,Unknown,87.5,SEARCHING,False,31.9
7fa0736df7af4a0e93a02e919e9dc4b9.jpg,Unknown,95.0,SEARCHING,False,37.4
7fa11db3a13c42989e2f06459c7b2e81.jpg,nini,67.12,VERIFYING,False,50.6
7fe7613b5d594ef081d65891f02e1b03.jpg,004991,68.93,VERIFYING,False,46.1
7ffe7cedbc4045aa85ca12f210c249df.jpg,axin,63.92,VERIFYING,False,41.1
80028df080464e0c92dfb5db2e16bcb8.jpg,xulu1,66.06,VERIFYING,False,35.2
801c8f8b3be445168956eb8492d42ddb.jpg,004510,67.67,VERIFYING,False,46.8
803877c3f7054529ae86dc3ff63bd647.jpg,axin,71.22,VERIFYING,False,43.7
803a9c5bb9434531b8e5c9114c3f21b1.jpg,houminghao,66.11,VERIFYING,False,53.3
805ad69822c94b038235599d345fe6a9.jpg,NO_FACE,0.0,NO_FACE,False,0.0
80a95b66388143719806ec61908fc3d2.jpg,004903,76.19,VERIFYING,False,33.0
80b478662c76487899ec30d70d4ef4e6.jpg,004648,69.27,VERIFYING,False,56.9
80c2586761184e43a0df8eb90c0fae6a.jpg,zhongxintong,64.66,VERIFYING,False,53.6
80d6ca09923548b89de5cbf18b3e95ff.jpg,luojin,68.74,VERIFYING,False,47.9
80ee026f76fc4bca979eff1c46235a36.jpg,xiena,67.25,VERIFYING,False,46.9
81baf166507a4e50a7f1d817b19f86c2.jpg,Unknown,92.92,SEARCHING,False,28.6
81f3cb31320b4495a17624f7341f31e4.jpg,004178,69.42,VERIFYING,False,48.9
820e8feb9e704ca786962349b963cfe8.jpg,NO_FACE,0.0,NO_FACE,False,0.0
826809a3a5474fb78cf1d457d1339a31.jpg,004523,69.7,VERIFYING,False,37.4
82765202c7194e12a5b41c7257edb45d.jpg,yuanshanshan,69.01,VERIFYING,False,36.9
828bbbbb0acd4d008fd23d183e4f3616.jpg,NO_FACE,0.0,NO_FACE,False,0.0
82a0ece3012047f0bc35282bb068d958.jpg,renhan,67.72,VERIFYING,False,46.4
82b01c4d9fc0497b816055a198c819a2.jpg,004648,71.96,VERIFYING,False,51.5
82b9fc7fb9044c5da64a4e9b9ccfc3d7.jpg,Unknown,84.91,SEARCHING,False,27.0
82d12730c8be4a0fb71ff49e605dbb81.jpg,NO_FACE,0.0,NO_FACE,False,0.0
834a6f66b3104453b2efb6cd42b908fd.jpg,Unknown,71.92,SEARCHING,False,16878.4
835b4d7416964fa08b88c3f7ae60b28c.jpg,xujiao,67.77,VERIFYING,False,59.9
83748d44c82848b997f4d031e6df9356.jpg,NO_FACE,0.0,NO_FACE,False,0.0
8379545208c1416297613d3b30f70ee0.jpg,songqian,68.61,VERIFYING,False,67.8
83a63f714a6f4df2aa65e56c00203fed.jpg,NO_FACE,0.0,NO_FACE,False,0.0
83ae0165c9a24fea9f1258235d8626c3.jpg,NO_FACE,0.0,NO_FACE,False,0.0
83b2f8613d814d7d8756e61c403988fc.jpg,yufeihong,70.14,VERIFYING,False,33.0
83ff9b2edfde44c8a78093f0e8c9ad50.jpg,004996,67.68,VERIFYING,False,44.8
841c6327d00740c4afd3e4a9754d7935.jpg,songqian,71.18,VERIFYING,False,72.8
843a1e6d1681496d86c6f0d7b80e0a5d.png,Unknown,63.18,SEARCHING,False,41.2
8464bb8b1f1246ea8b8aaf4ddc0b745b.jpg,004903,71.89,VERIFYING,False,68.5
8481fc6d4cad4f0faf059782fa68af90.jpg,004462,69.64,VERIFYING,False,42.9
84b74fd9b78b44f29815be822a254288.jpg,004462,69.51,VERIFYING,False,40.8
850149d75d994bb7a563686ab848745b.jpg,luojin,70.74,VERIFYING,False,49.2
8521efbde8274685bd6eda70892ef8e6.jpg,004930,68.32,VERIFYING,False,47.0
852ef1ba2fe4470fbc718e945ce7ece7.jpg,NO_FACE,0.0,NO_FACE,False,0.0
85460c5b4c6e407796428e2dbca48d4b.jpg,004632,67.78,VERIFYING,False,42.8
857f015efab34393ba71fef4a744dabf.jpg,Unknown,83.15,SEARCHING,False,30.6
8586fcafad08498f897474cbca474e63.jpg,renhan,69.85,VERIFYING,False,54.4
85a3b2a15b274c938d9204bd15f48890.jpg,zhuyuanbing,69.68,VERIFYING,False,41.2
85aa182fb8844ed98c7c6fb7c542dfde.jpg,NO_FACE,0.0,NO_FACE,False,0.0
861598ea042246948a097e0906edeac7.jpg,wuyifan,67.78,VERIFYING,False,42.7
8615cab2617543299f1a9136bb35b04c.jpg,NO_FACE,0.0,NO_FACE,False,0.0
8638257574584d059054104a7cff6f2e.jpg,Unknown,92.87,SEARCHING,False,23.6
8647df4591bb4e9798a0c4274ee909cf.jpg,lanxi,66.49,VERIFYING,False,48.9
867d6af4e829415786adb7b792b75704.jpg,NO_FACE,0.0,NO_FACE,False,0.0
86bbf99f1e6e4693a4325db2f2cf9bbb.jpg,NO_FACE,0.0,NO_FACE,False,0.0
86bf4cd43edc42478b97f6ae665f778c.jpg,huxia,67.26,VERIFYING,False,29.4
86c48b21b1da4ae19a57b1bf97f915cf.jpg,NO_FACE,0.0,NO_FACE,False,0.0
87112b1258ec4c72b8e406809abd25ae.jpg,NO_FACE,0.0,NO_FACE,False,0.0
8714c7c269ae4ac5b6075c9da719110e.jpg,004902,68.97,RECOGNIZED,False,40.7
87247dacd9e946578a6123817fc739c8.jpg,Unknown,64.6,SEARCHING,False,23.3
872661c711134e88b6947be1e26c30b0.jpg,xiena,68.2,VERIFYING,False,37.3
875459a792974b30ae1b80256eb51060.jpg,Unknown,95.0,SEARCHING,False,34.9
878fe7b3f04a4a13985f2a0b41233f1c.jpg,004443,65.25,VERIFYING,False,35.7
87a9ec7842904e09a8b55254f2fa0584.png,guanxiaotong,69.56,VERIFYING,False,46.8
87b95af3588f44cb92a681f6c9da850f.jpg,qinhao,69.35,VERIFYING,False,52.4
87e14791711e42708f4159d1b96eaf62.jpg,004115,70.32,VERIFYING,False,44.2
87f22be7a11240c2b9864f4553305a78.jpg,004494,70.06,VERIFYING,False,58.5
880209dc07ac4e2f8b8b0b1618fc7013.jpg,Unknown,81.54,SEARCHING,False,36.9
882755c41b7146299a72bcdad37ec917.jpg,004176,68.12,VERIFYING,False,49.2
882a7e9615134a7a8e1b385328def9e0.jpg,004494,76.45,VERIFYING,False,52.5
886788e0f223443f8effb5c239675158.jpg,fanganna,68.24,VERIFYING,False,51.4
88750c9c5a9e4e26923ed0521ca2154c.jpg,004844,66.45,VERIFYING,False,40.3
88bb481493e24dfe91bad55d5a795570.jpg,004903,69.76,VERIFYING,False,45.3
8914eb5ec227446fbd1bdc7ab7591587.jpg,Unknown,58.89,SEARCHING,False,25.6
89181e643aa44f9e8ef3de91c7f7fd7e.png,004903,73.53,VERIFYING,False,42.7
8954f004712f407ca378a5b35b71c316.jpg,004383,62.5,VERIFYING,False,39.6
8974177c4dd341179dd77252051776b7.jpg,004767,65.88,VERIFYING,False,56.3
899400bbde8c472882f24f89cae58860.jpg,NO_FACE,0.0,NO_FACE,False,0.0
89f2abaf4ac64450a997d504a9a0b0dd.jpg,NO_FACE,0.0,NO_FACE,False,0.0
89f3a8a90b91469faff72be9187e8b1d.jpg,004903,73.97,VERIFYING,False,47.0
89f561284507447b9ad8662864e82aee.jpg,004767,71.77,VERIFYING,False,33.8
89ff12c947b541448c901e133b13ebf3.jpg,004224,69.09,VERIFYING,False,52.3
8a31a8fd4cb7424eb439f01aed811546.jpg,004832,68.67,VERIFYING,False,49.5
8a73fc8423894c39ac164639e24631d5.png,sunyizhou,67.51,VERIFYING,False,44.8
8b1010a2785744699831ee7cb0f6852f.jpg,Unknown,55.66,SEARCHING,False,31.4
8b40675590704a839d7eb861f2258416.jpg,004903,76.45,VERIFYING,False,40.3
8b9597c7676a466bace8fafee91de25c.jpg,004903,78.35,VERIFYING,False,41.2
8b95dd8543a44f34a753219282f2ca08.jpg,004778,67.44,VERIFYING,False,47.7
8bb8c4e98586411ba6bc7e339f7c846a.jpg,004903,78.04,VERIFYING,False,33.6
8bee84e2a89d43d990393f9e48e30b4c.jpg,NO_FACE,0.0,NO_FACE,False,0.0
8c4a8e80dff84fbe8dcbc1565e7b31f5.jpg,songqian,70.35,VERIFYING,False,50.2
8c6a8c56432647dfa192491e937c3c20.jpg,linsiyi,68.36,VERIFYING,False,50.0
8c73fee9669347e38dc498f1c8bae06f.jpg,tansongyun,63.53,VERIFYING,False,36.7
8c8a73d1128b4800879f35c69487bd93.jpg,Unknown,93.12,SEARCHING,False,30.0
8c9dda7a83264192b2498fe7709458b2.jpg,zhangrui,68.57,VERIFYING,False,43.0
8cb7f3ed80924dbba545a0cc1bc3da4c.jpg,Unknown,54.69,SEARCHING,False,32.9
8d11c4781b0246f483fbf76f35defef4.jpg,004778,71.92,VERIFYING,False,48.3
8d5ca6427a9e40898d7cbee87ae27063.jpg,NO_FACE,0.0,NO_FACE,False,0.0
8d5f801bc43b4ac1adbffc364ab2bb38.jpg,004778,69.96,VERIFYING,False,42.7
8d9a0244cf4049ef99a267326d9a3dd0.jpg,NO_FACE,0.0,NO_FACE,False,0.0
8dc6d9cc73ea4e9b8179be284f786b40.jpg,NO_FACE,0.0,NO_FACE,False,0.0
8e426525051f4edaaba5f792f5c1bec1.png,wangyu,67.81,VERIFYING,False,43.3
8e4a373f0d934bb0bbc5d0e0c1d94e3e.jpg,NO_FACE,0.0,NO_FACE,False,0.0
8e750be0fb6141f3887ac85645e02e28.jpg,004315,69.58,VERIFYING,False,55.1
8e7e8ed95e934a798df6d168a832606a.jpg,004903,78.62,VERIFYING,False,52.8
8ea060774d764bcb9abe98d79529c774.jpg,004778,73.49,VERIFYING,False,42.3
8eb01e2733ab47e8b2fd58a1c859c895.jpg,songqian,67.64,VERIFYING,False,48.6
8eb9abb80bc84502ae5d610b41853c4b.jpg,NO_FACE,0.0,NO_FACE,False,0.0
8ebc0616eeec4552a91e0c47b8688a45.jpg,004192,70.29,VERIFYING,False,50.7
8f26a733fa194a4f85816d35d9264256.jpg,004537,65.8,VERIFYING,False,45.8
8f26fc51292f434aaa8f08c5c73e9a55.jpg,004778,76.67,VERIFYING,False,42.7
8f5adf77c19a40c7a8cf33bb7f01edf4.jpg,004589,65.53,VERIFYING,False,36.7
8f6f847bf5b64bb4b53bcae20ea2be57.jpg,004903,77.82,VERIFYING,False,43.1
8fe5905a9c8740809a180a83ac4c1a3f.png,004778,78.21,VERIFYING,False,44.5
8ffcb99683de4f15bd552b287845bcbb.jpg,004689,69.37,VERIFYING,False,51.3
8fffdaced40e42b78b154b59bc41b7c5.jpg,004778,74.79,VERIFYING,False,47.1
90357d81af4d49f88e15fbfe4cc47d2f.jpg,Unknown,61.67,SEARCHING,False,34.2
905155994fd949feaf5037a22bf47923.jpg,004778,79.13,VERIFYING,False,50.2
90aaff33062141b692a5ace788dcf3cf.jpg,004689,69.92,VERIFYING,False,40.8
90b4c4d0231f49f183ffb84d2530f137.jpg,Unknown,71.92,SEARCHING,False,26.7
90bafaf7f44e433e94b9fb50491ac151.jpg,NO_FACE,0.0,NO_FACE,False,0.0
90c4f4da0f5b45a0bec75a2acaf36d26.jpg,004943,69.05,VERIFYING,False,49.5
90e94e947ec1424c940dfe07a84ee31c.jpg,Unknown,90.67,SEARCHING,False,29.4
9104de532ad84a62a705c8f39b607bd0.jpg,Unknown,82.91,SEARCHING,False,25.1
9113a78ddf9e42ffa9e2aa550c6c7656.jpg,linsiyi,69.07,VERIFYING,False,45.0
911ddea9441245dcb9730cd623bf472f.jpg,NO_FACE,0.0,NO_FACE,False,0.0
911e4cd5678b44fa9b9555f1245888ac.jpg,NO_FACE,0.0,NO_FACE,False,0.0
91ac55b6f44d482e9c312dc0f25c75fe.jpg,004778,81.83,VERIFYING,False,51.1
9201ada5589d42718ca7e7d757705a98.png,NO_FACE,0.0,NO_FACE,False,0.0
9254729b9fb6449aa4738d9baa26ac84.jpg,004778,82.58,VERIFYING,False,45.9
9269fd9b78f4462da4425522d44ba144.jpg,chenhuixian,68.32,VERIFYING,False,44.8
929336631fd74546b273313f280f8c44.jpg,004743,63.82,VERIFYING,False,45.4
93273faab0124bb48ca32e6435ddcad7.jpg,dengchao,68.27,VERIFYING,False,45.4
9355096435ac44339976e2b02b9cc917.jpg,NO_FACE,0.0,NO_FACE,False,0.0
935cd85f4a4a4123953d4aa6d3cc47ab.jpg,linsiyi,70.67,VERIFYING,False,50.1
937bdaf1b04d4c269c295b166f6d0b6b.jpg,NO_FACE,0.0,NO_FACE,False,0.0
93875548c7bd4b229d36f92530e3edc9.jpg,Unknown,90.67,SEARCHING,False,29.2
93d024de810f42928095a0a38edd289a.jpg,004809,67.7,VERIFYING,False,47.0
9430b5501eaa48999bad2eb1b00038c3.jpg,004743,70.38,VERIFYING,False,47.4
9471981d75124da28a2f7c933b4f4c75.jpeg,004743,70.14,VERIFYING,False,50.6
94a2a475dbee4f1a8b136626bf30e96c.jpg,Unknown,81.35,SEARCHING,False,16873.9
94e858cd95814b7ca6a9137fca8ee8ef.jpg,Unknown,58.4,SEARCHING,False,22.4
94ee9db0bd8f4f75b2f648f3a45f50be.jpg,nini,66.01,VERIFYING,False,48.9
953285795ddd41ba801854878c29a20d.jpg,NO_FACE,0.0,NO_FACE,False,0.0
9569802e703e44ab9dd4a0ac25bfda5f.jpg,NO_FACE,0.0,NO_FACE,False,0.0
956acdead3a94182b93eb85f60da4c6e.jpg,NO_FACE,0.0,NO_FACE,False,0.0
95a6621b09e04252b354014b4e23b662.jpg,004903,73.79,VERIFYING,False,43.9
95a93f0f90124706a9879fffb87bda3c.jpg,Unknown,77.54,SEARCHING,False,35.6
95de8a32d4c240d1987a8e5e43ea9265.jpg,Unknown,62.6,SEARCHING,False,34.0
9623f8f984094e4a819ed5e28f6909a3.jpg,yuanyongyi,70.07,VERIFYING,False,56.8
9625b08ecfe0405db3d02f21dfad1d67.jpg,NO_FACE,0.0,NO_FACE,False,0.0
96349985f8274fb8bb92d77f40ee492c.jpg,004689,70.68,VERIFYING,False,52.8
964b3a655815498381ff283dbae48f71.jpg,004778,81.42,VERIFYING,False,48.5
966edd2c34cf4bdcb6cb40fc681fc32a.jpg,Unknown,53.81,SEARCHING,False,33.3
96bb7bf3b04c4095aac6db01fc75844d.jpg,004278,64.21,VERIFYING,False,55.3
97150358d19c4565a4c02b1225c88df1.jpg,004135,68.97,VERIFYING,False,41.9
97530be0ba6d41e49a38113e68b7896d.jpg,xufei,65.32,VERIFYING,False,39.5
97561caad1634c98a3a2a0fe44b6d483.jpg,linjing,69.87,VERIFYING,False,53.0
97737d2005be4789863b8ddf61e0b35b.jpg,NO_FACE,0.0,NO_FACE,False,0.0
977e46b1308c42d0b856856549ff0316.jpg,dengchao,69.52,VERIFYING,False,46.4
97d0d5f29b6a428aa93819aaab2f1e42.jpg,004903,75.72,VERIFYING,False,54.7
97d95660b4594ce1b17e08ab357d9f13.jpg,NO_FACE,0.0,NO_FACE,False,0.0
97ddf4b74cd54f4099ca941f6272ae01.jpg,xinzi,68.86,VERIFYING,False,43.6
98125b2450a44380a16db1c45d8eb106.jpg,yeyiqian,65.83,VERIFYING,False,45.2
983870ffae394bc2b9f050fb8a3088d0.jpg,renhan,68.38,VERIFYING,False,51.0
98444eeab7814b48a9a96ff60f7416c6.jpg,004897,71.62,VERIFYING,False,48.9
9853dea4047c4afd8004e8b7f24ce62b.jpg,NO_FACE,0.0,NO_FACE,False,0.0
987fea6a9aa24f788747c43d7a862aa6.jpg,dengchao,70.74,VERIFYING,False,47.8
98cf21c9beea476793c46327d30b92de.jpg,NO_FACE,0.0,NO_FACE,False,0.0
98d3f9a96b6e4ffeb6f9e71cd2ba7340.jpg,fanbingbing,65.63,VERIFYING,False,46.7
98f907c5db97482cadbfa9279ba5a9f6.jpg,004537,70.72,VERIFYING,False,46.3
9921015050ec47b8b46f27d0c0719bbb.jpg,Unknown,91.99,SEARCHING,False,24.8
99481bf7a84349219b51defb5dd65216.jpg,sunli,68.46,VERIFYING,False,54.3
995164b690fa443ba9eff0d2485b95e1.jpg,004778,74.49,VERIFYING,False,41.9
99d89355c06c4941b8f42fd27879f27e.jpg,004594,69.42,VERIFYING,False,41.4
99ece50d85184e2a8ce780999ca2b7c1.jpg,houminghao,68.62,VERIFYING,False,41.4
99f641ef7c2f4eff9890cb9b66611d13.png,xiena,63.9,VERIFYING,False,34.4
99f9ff3641aa4483aa13e893b090b9ff.jpg,NO_FACE,0.0,NO_FACE,False,0.0
9a12b95e676f486683fb7deb53abdda3.jpg,004897,68.57,VERIFYING,False,54.1
9a32828146a44f8e9608a0ab33b8e065.jpg,004991,69.45,VERIFYING,False,49.6
9a6dfd5d3f7b40cfa5daaed03c50603d.jpg,Unknown,95.0,SEARCHING,False,26.1
9a7d537e52b3470fbdb17825b76c4963.jpg,NO_FACE,0.0,NO_FACE,False,0.0
9af12ca84a57413baf9de00098f9889b.jpg,004778,77.11,VERIFYING,False,42.3
9af174d9b5544534ae38617647982c52.jpg,004778,78.5,VERIFYING,False,47.9
9b0af629eefe4a8c9731f9b83887171f.jpg,NO_FACE,0.0,NO_FACE,False,0.0
9b45a103d038458896bd94f9cf7d02a2.jpg,Unknown,95.0,SEARCHING,False,28.8
9b65fbd82e5f4d5fb47bf55ba28dd497.jpg,NO_FACE,0.0,NO_FACE,False,0.0
9c628b34c3524cd096a25a22b30e7a67.jpg,luojin,68.74,VERIFYING,False,34.8
9c718ce619b44bf491a5290f71de8775.jpg,004778,77.82,VERIFYING,False,46.7
9c8464134f504de3a22b172e72cadaae.jpg,zhangyixing,65.05,VERIFYING,False,44.4
9cbcf824f7d34a46b07b47efdcf57aa5.jpg,004144,69.13,VERIFYING,False,42.9
9cd3be6af1dd4154a6d4ee5e80622894.jpg,xiena,70.02,VERIFYING,False,46.6
9d56f8d2de714a35af266f99323416a5.jpg,004897,70.42,VERIFYING,False,46.6
9dd29d16a7144633aa51bf652e1e4a72.jpg,Unknown,92.68,SEARCHING,False,31.6
9dd8383d2a5047fc83234e4228b8770f.jpg,NO_FACE,0.0,NO_FACE,False,0.0
9e3d706da9854a8c89b783e5c96ebc7d.jpg,004743,67.64,VERIFYING,False,32.7
9e46c58f2b684c10bfa28cffd45967a0.jpg,004778,77.03,VERIFYING,False,42.3
9e4c2fc4920c49bba3ee83305e51c853.jpg,004451,66.58,VERIFYING,False,44.2
9e5673d1b77744ed808f7c1969cd6042.jpg,004778,76.82,VERIFYING,False,41.6
9e643706992e42dfa39896b1da152943.jpg,004689,69.32,VERIFYING,False,46.4
9e645fd3be7b43048e9ee3a32cbfc8d6.jpg,wangqing,67.63,VERIFYING,False,54.3
9ea4eeffcea64161bd64407370cf716b.jpg,004778,78.47,VERIFYING,False,36.5
9eb2a38c770f48acbafc08d41087c1f3.jpg,NO_FACE,0.0,NO_FACE,False,0.0
9eb9932a3d4943cca69d7b990a1ffb7b.jpg,004903,67.68,VERIFYING,False,45.9
9edda4a38df04f5683b5a8a077ca79f8.jpg,004510,71.14,VERIFYING,False,39.4
9ee01122268b47d7bd7f9d74c98031cc.jpg,004494,69.96,VERIFYING,False,35.1
9f1bad870d9b4a58b5e0797b03b3030c.jpg,zhangzhenyue,68.17,VERIFYING,False,44.2
9f218c43b6dc43079a3e25398c168b41.jpg,004648,70.03,VERIFYING,False,54.3
9f2fcb833ec6463993d02801a9201648.jpeg,004186,68.65,VERIFYING,False,47.3
9f4b985286924a1fa5caacc10bbee4f8.jpg,004414,69.7,VERIFYING,False,48.4
9f9d911d45e4491f99e1721150749f1e.jpg,004596,70.55,VERIFYING,False,47.4
9fa5fc754fb14282b32f3469fe50513b.jpg,NO_FACE,0.0,NO_FACE,False,0.0
9faf4e9cd7f24096917b11bcbc330ee0.jpg,004494,71.57,VERIFYING,False,49.7
9ffae69dd47d462d9a20d113c8985e39.png,NO_FACE,0.0,NO_FACE,False,0.0
a004a24f159f468cb57cf630a9f9607a.jpg,004778,75.3,VERIFYING,False,46.1
a0092f8e2536432aa8b8103ba8e2f124.jpg,004778,74.05,VERIFYING,False,54.9
a05e3baabc9048c498d3455f8e598a42.jpg,NO_FACE,0.0,NO_FACE,False,0.0
a0accf8d51cb44eca267a83daae38d45.jpg,zhangdongliang,68.21,RECOGNIZED,False,41.7
a0b747a9344f4608bea6e68474097a64.jpg,004550,67.62,VERIFYING,False,50.4
a0d3756290a74dd9b2e88f560537f3da.jpg,004648,69.74,VERIFYING,False,46.3
a0d66284f99d4dd4b3e571185512f9a3.jpg,004903,70.69,VERIFYING,False,42.9
a12929553a294c22ae33157487e9f57d.jpg,NO_FACE,0.0,NO_FACE,False,0.0
a13c0fc5e2b2404eafa7b47a6fc8d77c.jpg,denglun,68.27,VERIFYING,False,35.6
a17258f924694cdb97050c97927fec6e.jpg,Unknown,83.94,SEARCHING,False,35.0
a1ff79a56ed94c429592f46df9942be0.jpg,NO_FACE,0.0,NO_FACE,False,0.0
a261cda30cfb4f4c80c4587ba99a3ebd.jpg,004956,69.81,VERIFYING,False,50.9
a26e1059a55746038b289777f3ebdcc2.jpg,Unknown,60.6,SEARCHING,False,28.1
a27416d4991547ffb66ea262d0fc4946.jpg,linzhiling,69.8,VERIFYING,False,51.9
a27caffc47994c47b6bf7a4e54d03b76.jpg,NO_FACE,0.0,NO_FACE,False,0.0
a2a3aa4ed0e84a67a110bc5106ed42eb.jpg,NO_FACE,0.0,NO_FACE,False,0.0
a2a51f33537244648fa8808eb2fce7b0.jpg,yangzi,68.64,VERIFYING,False,42.7
a2cc0d8eb2594600aef7bf98b09f0b50.jpg,004494,72.53,VERIFYING,False,35.8
a341ca3b58cc48569b6681e1e16a67c1.jpg,Unknown,95.0,SEARCHING,False,27.0
a3923c4533844d579f2836aafd7da842.jpg,Unknown,68.95,SEARCHING,False,24.8
a44bd4721a3944a2ac82b537a1bf087f.jpg,004778,74.71,VERIFYING,False,43.0
a45e5847e0214e41894fb2e87aaaa575.jpg,jiangyiyi,70.18,VERIFYING,False,53.5
a461eac9de78455e918e17d98d7d2e28.jpg,zhangdansan,68.08,VERIFYING,False,40.2
a477e044d8cc479aa01e05dbc70d5093.jpg,NO_FACE,0.0,NO_FACE,False,0.0
a49b09eaa01f4ad0bda504701daea7cc.jpg,Unknown,61.13,SEARCHING,False,35.6
a4a80a996b4349a48c1d78306b1ed7b8.jpg,Unknown,95.0,SEARCHING,False,37.8
a4ce6e3095e2416b8e84c6888b494344.jpg,chenweiting,69.29,VERIFYING,False,53.9
a4d8f7bffcfe491584a0cac1afed86f0.jpg,004494,74.14,VERIFYING,False,45.4
a5a49087f11c4cb78416370c5a479446.jpg,004778,73.29,VERIFYING,False,56.0
a5dbfe77e833453c9d9c65234c098f70.jpg,lingengxin,66.53,VERIFYING,False,50.5
a614712df418483c8e37aeacedec626e.jpg,renhan,66.77,VERIFYING,False,52.6
a618c60dcf2f470f9cf691019e5def05.jpg,zhuyuanbing,65.68,VERIFYING,False,54.6
a652cb253da04bb8bf7f708a30ec9239.jpg,004263,69.79,VERIFYING,False,53.9
a6bf35422648460a9b0f39bf25699110.jpg,Unknown,87.45,SEARCHING,False,31.8
a6c2088b3f384d4c9436cc4963b7af99.jpg,004854,66.8,VERIFYING,False,50.1
a6dca408ccd841088ddcee25119e48fd.jpg,004414,71.84,VERIFYING,False,46.8
a72d61ddb5c84b5091d5fe725400f17f.jpeg,NO_FACE,0.0,NO_FACE,False,0.0
a7369f64288a4e9a96100067ca6e3635.jpg,004778,74.55,VERIFYING,False,47.2
a75f9e485f5f4dd8a9802d2f160efbb4.png,chenweiting,68.8,VERIFYING,False,38.8
a7a416dfc73a419b9b0b46e1782a75a4.jpg,NO_FACE,0.0,NO_FACE,False,0.0
a7c0b34f5ce54fe5a2ab60df206ed28f.jpg,004555,68.63,VERIFYING,False,55.8
a7c602c842204252803ab180610627e6.jpg,004648,72.0,VERIFYING,False,38.9
a84d40d51d4f4998b9ea01ee035e1ebe.jpeg,004648,73.48,VERIFYING,False,59.9
a86a9b2a48ff4ff4bf9f9497214f0b4d.jpg,NO_FACE,0.0,NO_FACE,False,0.0
a8a47ba3a7bd4cec87cebe20b0f1eb2d.jpg,NO_FACE,0.0,NO_FACE,False,0.0
a8c0b544c14340e4aab53e16482f1c80.jpg,NO_FACE,0.0,NO_FACE,False,0.0
a8e79b1396d74d12bef27b7990f8097c.jpg,zhangzhenyue,67.09,VERIFYING,False,42.5
a9031baf51f14aa6aeb98220540ffe77.jpg,004648,70.99,VERIFYING,False,47.6
a9844f8a0d2c4cbda064acb6a44716ba.jpg,NO_FACE,0.0,NO_FACE,False,0.0
a98ef9cc0bf442c1b01dd0aeaab3a4a6.jpg,004805,67.07,VERIFYING,False,51.1
a9c1e84d8b014a2ebfd1836f5c0a3776.jpg,songqian,68.64,VERIFYING,False,48.7
a9fbbf19df224879805dee321a4f0fb6.jpg,NO_FACE,0.0,NO_FACE,False,0.0
aa053e864087414b9d8ca887b404da80.jpg,changshilei,68.21,VERIFYING,False,43.7
aa2b88f15f5743b7b9344652b3f00c3b.jpg,zhaojiamin,70.04,VERIFYING,False,46.8
aa40d2ed632b4b0abfed9322068a0fd1.jpg,songqian,68.73,VERIFYING,False,43.9
aaa84ae642c347ad9c87016010131792.jpg,004560,68.65,VERIFYING,False,44.3
aaaac817f4a241ecbfdb434bae1cc7cd.jpg,sunxiaoxiao,67.72,VERIFYING,False,51.6
aabc8864e5284fd5bdbdde43ce455278.jpg,004648,75.51,VERIFYING,False,52.2
aac93764d9fc44f6acdb5561f99754f8.jpg,NO_FACE,0.0,NO_FACE,False,0.0
aad1d814692745c7980bdbafa774d54a.jpg,lingengxin,69.05,VERIFYING,False,66.2
aaef3272fa1c4b6d8eecad55be025711.jpg,004903,71.46,VERIFYING,False,54.1
ab0fee07090946c0b30411a4928c24af.jpg,004778,70.19,VERIFYING,False,47.3
ab4deabecc1f4d02a9b81d5a6e2e0f9c.jpg,004494,69.81,VERIFYING,False,49.6
ab798654f980423e8afcac9ffdc274bc.jpg,xuxidi,70.17,VERIFYING,False,48.0
abb7e1783802405fb5a9a0d114638935.jpg,NO_FACE,0.0,NO_FACE,False,0.0
abc57c5252ef4ce29888d331eb45ddf8.jpg,NO_FACE,0.0,NO_FACE,False,0.0
abcb545c2fae4094ab7077425d402750.jpg,004805,67.38,VERIFYING,False,37.9
ac04d052093a423da812e20e0429d97e.jpg,chenweiting,71.02,VERIFYING,False,51.7
ac544d6d8ed54e02aadb60a6df6b3bf9.jpg,004176,67.23,VERIFYING,False,44.0
ac5dc019e5894189951213efc10c3558.jpg,gongbeibi,67.76,VERIFYING,False,49.5
ac67689214ad4e45b6f1ea5469901ac0.jpg,Unknown,95.0,SEARCHING,False,25.7
ac8622042a9c4c5b82c5d6b1b0b6c22e.jpg,Unknown,53.12,SEARCHING,False,22.1
aca29698d78a4fb5be00137a3e689c27.jpg,Unknown,50.2,SEARCHING,False,23.6
acaa92227ea44a51b3e228d96e91e707.jpg,004778,69.49,VERIFYING,False,47.2
acaa9b9a47b8476eaed7da08268c2acc.jpg,004903,71.38,VERIFYING,False,44.2
acee7dcc9a934915b9aae8a940bd119a.jpg,004778,66.45,VERIFYING,False,53.9
acf146416d3e49a4bc09d49402ac740d.jpg,004778,69.39,VERIFYING,False,56.3
acfe99380bf64ffcb651e19a11cfa336.jpg,004903,73.05,VERIFYING,False,48.6
ad1afd9ad0f44318a7e63a10ad1d727b.jpg,004862,64.89,VERIFYING,False,46.1
ad3c9833b9e84e0fbbdb82bce0f90ed8.jpg,004778,74.18,VERIFYING,False,48.2
adae6d41da8b4449987fe6e4f0618805.jpg,xuxidi,71.54,VERIFYING,False,46.5
adf6c9864e8d4fa5bdccc8e3227f6916.jpg,004560,70.61,VERIFYING,False,52.4
ae0f795f91684159a1b4874c51e97fa0.jpg,Unknown,90.58,SEARCHING,False,31.7
ae3403acb84f44b0bbcab482ffe8cacd.jpg,NO_FACE,0.0,NO_FACE,False,0.0
ae3d8698ec864eaeafcc1eecc570a482.jpg,004672,69.2,VERIFYING,False,37.8
ae7b15e9bd1e44b1921a696e7c8dbcc3.jpg,004903,76.24,VERIFYING,False,53.3
ae89a2c7a98c4c588f037bc8ee6d59e3.jpg,004440,67.34,VERIFYING,False,48.9
ae9d0cec6afa4f659b6e8cbe561ba486.jpg,NO_FACE,0.0,NO_FACE,False,0.0
ae9d0d61fe7941baa71c8b7e2b6837ee.jpg,Unknown,68.85,SEARCHING,False,29.1
aeca2032e96649b5a6afbfd2524d6b82.jpg,NO_FACE,0.0,NO_FACE,False,0.0
aedfb22b193b4d20b921883ce3c261a2.jpg,004672,69.24,VERIFYING,False,34.2
aee4d3f7de054c9cb0d9223b12a11709.jpg,004903,76.74,VERIFYING,False,39.3
af14ba11b4a74b1d99f333e43766bba3.jpg,Unknown,72.8,SEARCHING,False,26.4
af24cb055c594930a0f0e242222a61ce.jpg,NO_FACE,0.0,NO_FACE,False,0.0
af481b64915847ab8bae1e83112639c8.jpg,004903,78.44,VERIFYING,False,48.1
af6c644d4f2f46f3bc48af7bc111de02.jpg,NO_FACE,0.0,NO_FACE,False,0.0
afb8165334ed41b2a3ab7db71ac310af.jpg,004903,79.52,VERIFYING,False,46.9
b013c7aae47c427b81a09dc25389d279.jpg,Unknown,92.63,SEARCHING,False,25.5
b03dbdfd3c2f4521b63a74da189afc03.jpg,004903,82.76,VERIFYING,False,51.2
b04acd26419b48f89b2e38ee390ca12b.jpg,Unknown,85.64,SEARCHING,False,33.6
b0b312a5bf3340a892e45194e5310b67.jpg,004903,78.84,VERIFYING,False,50.8
b0fd8d056f764473bff038485a1cd57f.jpg,NO_FACE,0.0,NO_FACE,False,0.0
b17fd4ac0ad24409acbe3e3744628198.jpg,004488,67.8,VERIFYING,False,56.1
b18ebdb7bd5846209277918e05abaf76.jpg,004414,69.59,VERIFYING,False,48.6
b1a2467d585a44c29487c29c5507254b.jpg,004971,69.49,VERIFYING,False,46.1
b1ae0cb7c293414eb4e8415e541f9a13.jpg,zhaojiamin,70.71,VERIFYING,False,39.7
b21016c0e4a444b58aeaa307be1cbb7e.jpg,pengyuyan,68.1,VERIFYING,False,41.2
b21a23d3821e4e3a817385202ec494a7.jpg,004903,78.65,VERIFYING,False,42.8
b236bfe0ba314549b054151238e180ec.jpg,lizi,69.1,VERIFYING,False,57.6
b25637ae105c40619f68dbea1a3a5593.jpg,Unknown,95.0,SEARCHING,False,27.0
b287b7b51c814e4d8eee3f60adcbea61.jpg,004494,67.51,VERIFYING,False,39.0
b2fb634c02bd43548d2d41d3e4e14387.jpg,yanggongru,67.06,VERIFYING,False,55.6
b32dbca216e543168a5ebc1c830e2b57.jpg,axin,68.99,VERIFYING,False,39.1
b39c684ef3604aee92990cbe298365f8.jpg,axin,70.42,VERIFYING,False,47.7
b3d54a1d6954476ab37bdeba1ed4d09b.jpg,004903,84.47,VERIFYING,False,45.5
b3fd9d79cf0144dc98de2cca368abf03.jpg,Unknown,61.87,SEARCHING,False,31.0
b406813847534fe597187119b30b0d4e.jpg,NO_FACE,0.0,NO_FACE,False,0.0
b408ad0b3353403a9f6f02b90c8042bd.jpg,004903,82.52,VERIFYING,False,49.8
b45d49b215b543ed804e527fdaec99ef.jpg,qinhao,70.38,VERIFYING,False,53.7
b467cd3d83084767bc996a362fd5160a.jpg,004488,68.17,VERIFYING,False,43.3
b4cf01829bd84344a165c9cd74ec510d.jpg,Unknown,95.0,SEARCHING,False,24.8
b4e3a2aefbb34f18a537337d08d8de66.jpg,chenzhipeng,64.92,VERIFYING,False,52.8
b4e83fa233844e40bd56ec770c849534.jpg,NO_FACE,0.0,NO_FACE,False,0.0
b4fec422b6a44c44ab2286d7e81b5471.jpg,004778,70.31,VERIFYING,False,49.2
b5005e8e42734ca28a6d962635b6d6f9.jpg,NO_FACE,0.0,NO_FACE,False,0.0
b51aad0af4db4b1eb634e0ba96b84f77.jpg,jiangyiyi,67.33,VERIFYING,False,56.3
b544f5983597465f8cb961187fab1e8b.jpg,NO_FACE,0.0,NO_FACE,False,0.0
b57d7577175f43b691baf961c0bc8149.jpg,NO_FACE,0.0,NO_FACE,False,0.0
b5bb3daa67444e25b94b33cf8a74fe62.jpg,NO_FACE,0.0,NO_FACE,False,0.0
b5c9cf31ff384069982ff546eba485b9.jpg,NO_FACE,0.0,NO_FACE,False,0.0
b5dfe6a078154200a24af006170b8022.jpg,zhangbinbin,67.06,VERIFYING,False,47.5
b5ec1c24a12f448c9471429ccc181c5e.jpg,NO_FACE,0.0,NO_FACE,False,0.0
b5f22b7304a341ee8ca0209cbeebc49e.jpg,004596,67.06,VERIFYING,False,47.0
b6000c64c1414ba3be886f4c11733d91.jpg,NO_FACE,0.0,NO_FACE,False,0.0
b60ffcb237c14a3eaa413984c5e1ba3a.jpg,tangyan,68.27,VERIFYING,False,52.0
b68ba74abb404a9b8dc41e43dfb33000.jpg,wuyifan,69.53,VERIFYING,False,55.9
b6c300141c4c41509c9dca90e73047c8.jpg,NO_FACE,0.0,NO_FACE,False,0.0
b6df6a47a5b04168ad42f2157a74ded2.jpg,004903,81.4,VERIFYING,False,58.5
b7491a5cb5084b8383e775358d490219.jpg,004971,69.87,VERIFYING,False,50.7
b7640e9cfc2a4f458eaf0d6d28c5d3af.jpg,Unknown,86.38,SEARCHING,False,27.7
b7927e13b07346549433cd494a93b106.jpg,Unknown,77.88,SEARCHING,False,45.5
b7f28c351e2d4459b649dd3c62508934.jpg,tangyuzhe,64.93,VERIFYING,False,54.7
b80c88c664f4407fa986286f58372dcc.jpg,004494,69.77,VERIFYING,False,52.2
b80faf82541d42baa76d6a07f9a449d6.jpg,NO_FACE,0.0,NO_FACE,False,0.0
b82d2ee36dd340939bcad68c65352dba.jpg,zhangxinyu,64.04,VERIFYING,False,49.2
b85a8de56ee34e82b6ae1ec52e1f268a.png,004560,70.69,VERIFYING,False,44.7
b8bc350a840846779a4a37576a6ad690.jpg,axin,72.83,VERIFYING,False,62.3
b8f6071a0c17430883a25df5e6e65ce9.jpg,004488,71.42,VERIFYING,False,51.4
b9191074389b4309a8bc76ef7c4e3f75.jpg,NO_FACE,0.0,NO_FACE,False,0.0
b91cb874bcf14aca9cea8f0cc0df9d7d.jpg,004903,74.56,VERIFYING,False,59.7
b91ded1da937473381c01e173c995996.jpg,004903,75.76,VERIFYING,False,45.2
b956504271814961ad74fa52e5b02fdf.jpeg,NO_FACE,0.0,NO_FACE,False,0.0
b975d0ad71264ead844734233187f083.jpg,chenhuixian,67.99,RECOGNIZED,False,54.7
b98fc2e8eb2d4a4a8444e865a5d38b18.jpg,NO_FACE,0.0,NO_FACE,False,0.0
b9d98e43569a43efa6f6a68ca6fe66ee.jpg,tangyuzhe,67.84,VERIFYING,False,46.3
b9f0e5eb7d7347e2a39d06638d33036c.jpg,NO_FACE,0.0,NO_FACE,False,0.0
ba403bc279754b4c81f0ce94b4347269.jpg,004903,69.59,VERIFYING,False,41.1
ba44b98ffd654f83a9a40acebfae0559.jpg,NO_FACE,0.0,NO_FACE,False,0.0
ba5976f42d8a42cb8903f586eb2328e2.jpg,zhangzhenyue,69.18,RECOGNIZED,False,34.8
ba827cacc717440387ca299ea636d628.jpg,NO_FACE,0.0,NO_FACE,False,0.0
bad2ecfeb8f44018936dec5428457ab4.jpg,Unknown,73.1,SEARCHING,False,49.1
bb036afd40b4477b84dcd24c0b54e5d9.jpg,xiena,68.8,VERIFYING,False,48.3
bb54395b371f4f239f114d29c3f0690f.jpg,Unknown,90.28,SEARCHING,False,34.7
bbb0b9aa5d3d4800af0735dee873238a.jpg,NO_FACE,0.0,NO_FACE,False,0.0
bbdbcc607ac24cdaafddd54c2363367b.jpg,zhangbichen,68.67,RECOGNIZED,False,56.4
bca6277624614a21b0d2a2386d60b0fa.jpg,004632,68.41,VERIFYING,False,59.8
bcb6a2e875154bee91fef0061da99412.png,004494,69.93,VERIFYING,False,44.1
bcdc456c81c34909be68a6a32f1c74c8.jpg,004510,66.28,VERIFYING,False,44.7
bd147a3d144e4890971217f36342961b.jpg,NO_FACE,0.0,NO_FACE,False,0.0
bd6402ee6eb84d7b833e6f8a4ad6c072.jpg,Unknown,95.0,SEARCHING,False,29.6
bd796e19a00d4e369daeb7d9ff531fdb.jpg,wangxiaochen,66.45,VERIFYING,False,57.2
bd8deb4f80a24cb9a5c48c316810952f.jpg,004961,68.11,VERIFYING,False,47.0
bd8e226a06b4423f89e7a2115e797f92.jpg,ditianlin,68.05,VERIFYING,False,54.7
bda4af08f51e4d918d932057039678e5.jpg,004778,70.07,VERIFYING,False,51.1
bda794e26955473fb91c1f07bb17ff23.jpg,NO_FACE,0.0,NO_FACE,False,0.0
bdb666a320514a4885426b2b0c189a07.jpg,004991,69.56,VERIFYING,False,42.4
bde0b46a1faf46cd8a4c7d5a2217db4e.jpg,004648,69.61,VERIFYING,False,47.0
bdf1d2841cc8434b9f135a38c6e80766.jpg,004510,72.08,VERIFYING,False,55.8
be4fa61bde5e44319dfbe80143b00d94.jpg,lingengxin,66.69,VERIFYING,False,53.6
be5864010a834a898a4173dd3ec0d98f.jpg,NO_FACE,0.0,NO_FACE,False,0.0
be67f17741174f97ae29b2dd277304ba.jpg,Unknown,92.72,SEARCHING,False,36.1
be892aeb557c41c2ad7b6adfd6b0abfb.jpg,004232,66.36,VERIFYING,False,37.1
be952c838c504a9aaa560e14ce3b0d35.jpg,zhangbichen,72.2,VERIFYING,False,45.4
beb3beccf9eb43329aae2a6900cf5cd6.jpg,004492,68.85,VERIFYING,False,53.1
beba276a3cec4243a3f3a7f9131002a8.jpg,Unknown,87.55,SEARCHING,False,35.3
beca3e9d8f1546b9a3a02ced8fbd30f5.jpg,004178,67.84,VERIFYING,False,38.0
bf0d97bf4b8f480cb08553d838b5ef71.jpg,NO_FACE,0.0,NO_FACE,False,0.0
bf1460243f6849b39fd0fd61c6e3eb00.jpg,Unknown,71.29,SEARCHING,False,40.0
bfa0a0707b8947e8b7cd893242f0ed77.jpg,NO_FACE,0.0,NO_FACE,False,0.0
bfa80eafe2a04b32b75bb5594d5005a4.jpg,004596,69.42,VERIFYING,False,56.6
c016455162394fb5ac1130bf48ae223e.jpg,Unknown,95.0,SEARCHING,False,23.5
c029658f9d1142f7bdecb4f1c10b844c.jpg,NO_FACE,0.0,NO_FACE,False,0.0
c05c3108ea0245bf872144b1340abc24.jpg,004583,67.5,VERIFYING,False,45.8
c098d4da87eb48a398f6726d8bebcdf9.jpg,NO_FACE,0.0,NO_FACE,False,0.0
c10fd5ffed5840e68ca4942fd7632c63.jpg,chenyufan,67.06,RECOGNIZED,False,41.8
c167da860c0b4bf0ae5575ad30bc1fae.jpg,004137,68.37,VERIFYING,False,55.6
c171e54022434d14b21b34e61d1de0c2.jpg,jianailiang,67.45,VERIFYING,False,40.9
c18bb1d249754d1dac5c5a07da616eee.jpg,004521,66.66,VERIFYING,False,47.3
c262e82665fd48dba16af107c403338a.jpg,Unknown,51.56,SEARCHING,False,35.6
c29f96543d46455a86a494182468e967.jpg,004815,69.15,VERIFYING,False,34.8
c2a7d4728841443f91670b7d0eb2f278.jpg,dengchao,67.77,VERIFYING,False,46.4
c32adf9232e04673bdf8084c420872ff.jpg,004626,65.78,VERIFYING,False,53.6
c354278f425446869528515439d3daad.jpg,004482,68.76,VERIFYING,False,40.8
c38017e93c784c78aa15e7968ebd2aed.jpg,Unknown,59.28,SEARCHING,False,35.6
c3847e2a9a664a1da7af5f60a540f4d4.jpg,004903,69.43,VERIFYING,False,47.1
c38a1a57fab24668803ac92ed6d5c5ad.jpg,004815,71.81,VERIFYING,False,36.5
c3c51580f50442d5b57cd3d75e0cd707.jpg,004648,69.22,VERIFYING,False,44.1
c3e4b1bdc60b4d3fb1e10702d830429d.jpg,linzhiling,66.02,VERIFYING,False,47.9
c435b3f21ecb4fde803184a917e1c3de.jpg,004903,72.43,VERIFYING,False,44.1
c4a43bcc87af4efe86e8c0c762ba5023.jpg,004648,68.76,VERIFYING,False,39.8
c4afa7e9a9af41f59ef4f1cda6b037a0.jpg,Unknown,95.0,SEARCHING,False,33.5
c4fbadb36178489db34c24344c905ed6.jpg,004648,73.13,VERIFYING,False,54.3
c538cf9a876d4f9fb7ceef1900bd956f.jpg,004560,65.1,VERIFYING,False,58.6
c57e8f02d99f4039814e251aefe522e7.jpg,004516,68.51,VERIFYING,False,49.1
c585b06bcb594642a8128521810a073d.png,Unknown,56.3,SEARCHING,False,32.6
c59d7382502447a5a2af5a4d56505e96.jpg,004897,69.33,VERIFYING,False,57.6
c5e1df77879341dab41bc668e0ccc908.jpg,NO_FACE,0.0,NO_FACE,False,0.0
c61da094d35342bc875c1af7e862c92b.jpg,NO_FACE,0.0,NO_FACE,False,0.0
c65a7f291a484f028a219f56abf41e54.jpg,Unknown,76.07,SEARCHING,False,29.8
c69638fbf3a9411e9a8fc18ee40efdde.jpg,Unknown,74.61,SEARCHING,False,33.3
c6985b07aab147f39717fe0547195ab4.jpg,004648,75.97,VERIFYING,False,43.7
c6a92bb42c754660a3463c2649470e58.jpg,004510,70.42,VERIFYING,False,40.2
c6aa79ec06e0413a8629119b9ce2fd4e.jpg,004903,72.17,VERIFYING,False,57.3
c6e44ff6edc74a7aa030ce48d745c101.jpg,NO_FACE,0.0,NO_FACE,False,0.0
c6f306719eb44d06af772e78e4becdc2.jpg,004743,69.15,VERIFYING,False,41.5
c7009c18de3a458984f4db5c06e8e08b.jpg,004560,70.23,VERIFYING,False,57.3
c72f2b52119c427f89ff658e43513201.jpg,Unknown,95.0,SEARCHING,False,27.4
c73bbd08aed24855b48f1791cdf614c8.jpg,004573,67.78,VERIFYING,False,53.3
c74c6df5c7b940919f6e886c6b81044a.jpg,wangqing,68.24,VERIFYING,False,51.4
c796dda7699d4735a05c23222a306dbd.jpg,Unknown,89.65,SEARCHING,False,35.0
c7abb6db677a4bb4a20754e1d7a37b31.jpg,zhangdongliang,68.51,VERIFYING,False,37.0
c7c6bf806f274478802276bf60b4d9dc.jpg,NO_FACE,0.0,NO_FACE,False,0.0
c7cfb71a3d0f4fbbbbf587e8b324bcd7.jpg,NO_FACE,0.0,NO_FACE,False,0.0
c7e6d99baeee4d3aa439500f1d8dfa04.jpg,NO_FACE,0.0,NO_FACE,False,0.0
c80d59ebbf90451b9d75761d3b6c4011.jpg,NO_FACE,0.0,NO_FACE,False,0.0
c832ad8948be456394ecd070f0c97577.jpg,NO_FACE,0.0,NO_FACE,False,0.0
c84f84cfeb1943f8b565e53d2d46c9bb.jpg,004324,65.52,RECOGNIZED,False,35.0
c891eec3640044cf8d2c95551877a8e4.jpg,004903,70.12,VERIFYING,False,47.7
c8f8f396ff5d403f93961aa7cfe3fea9.jpg,NO_FACE,0.0,NO_FACE,False,0.0
c90ee2157b904ebb97ac06db2a62bef6.jpg,004903,83.86,VERIFYING,False,51.3
c96141288faa4e2091fec57658b407ab.jpg,NO_FACE,0.0,NO_FACE,False,0.0
c962cb38313442779c59d6bc67e7afe7.jpg,Unknown,71.78,SEARCHING,False,34.5
c9e554c7051e44eb80a01390318e9632.jpg,004162,67.17,VERIFYING,False,56.4
ca0f1bb1017a4dc9a780afa76b0dc438.jpg,zhangbichen,69.58,VERIFYING,False,50.4
ca420ce037d24727bdd57d44f014cbfa.jpg,tanjing,69.49,VERIFYING,False,47.8
ca63a874c0c840d589085f890d1d0510.jpg,chenyi,69.25,VERIFYING,False,45.0
cb0d2d33f89e4b259abecee214b4cae1.jpg,zhangbichen,70.65,VERIFYING,False,50.4
cb1e7077801041708ba33fcc4d945bc2.jpg,004414,67.85,VERIFYING,False,51.9
cb80771536de4f73836e5b1c464dc03e.jpg,NO_FACE,0.0,NO_FACE,False,0.0
cc05bba21eff4ad29c6177985bd53486.jpg,songqian,68.87,VERIFYING,False,57.0
cc770f2cde974ebf83f7b986ff623a4a.jpg,NO_FACE,0.0,NO_FACE,False,0.0
cc9d024183c04085913c1cb28f77fbd6.jpg,NO_FACE,0.0,NO_FACE,False,0.0
ccd9ca4978024ce7a4eaa513e8626a72.jpg,NO_FACE,0.0,NO_FACE,False,0.0
ccfcaa66fd6a4ceda9009fc39dff15c3.jpg,NO_FACE,0.0,NO_FACE,False,0.0
cd08370f19964471a5f1cb7963367162.png,004773,68.62,VERIFYING,False,44.9
cd6942bdeaf14b1189261af31e775187.jpg,zhangyixing,65.6,VERIFYING,False,43.1
ce00d30bd5e64759a0179d6083440b4a.jpg,Unknown,84.91,SEARCHING,False,24.4
ce628ebb44aa42a68bdeed3b521f50fb.jpg,NO_FACE,0.0,NO_FACE,False,0.0
ce96a6f84a5f48ffac688141eef5c12a.jpg,004429,67.86,VERIFYING,False,43.4
ce981dbf41b34dc48bd1fcbb8259a6dc.jpg,tansongyun,68.23,VERIFYING,False,46.7
cedd342cba4e4731a219ced213828311.jpg,linjing,68.02,VERIFYING,False,55.0
cf0898ff2f9b4c829cd6e374e5e62957.jpg,NO_FACE,0.0,NO_FACE,False,0.0
cf1bce1bf8574564b6065622b01fa59c.jpg,NO_FACE,0.0,NO_FACE,False,0.0
cf5bab89d9ce4cb28d526618a7f8aec4.jpg,Unknown,88.62,SEARCHING,False,25.4
cf5ec8b31b794ec8bd8dd512603c7a5c.jpg,chenyi,67.84,VERIFYING,False,33.0
cf69f56d64954206bd7cbd4b59d96c15.jpg,NO_FACE,0.0,NO_FACE,False,0.0
cf6c1f3dd090499bb9183db70fd510bc.jpg,004113,65.54,RECOGNIZED,False,49.5
cfe03985894745dfacfb341670cb1178.jpg,004648,70.41,VERIFYING,False,61.3
cff03637b41b49b69c2b1dc2c0366ebc.jpg,004903,69.07,VERIFYING,False,55.6
d00c1ebe81f0401ab04aad6de75f1dca.jpg,NO_FACE,0.0,NO_FACE,False,0.0
d0421926d364464eb64b86aa2807148e.jpg,004903,79.78,VERIFYING,False,49.0
d0c62475b1b54ba09bfa724ee5456d64.jpg,Unknown,85.06,SEARCHING,False,25.8
d0e86897168d433ab3fffc56fc534938.jpg,jianailiang,67.66,VERIFYING,False,39.3
d11d9f2a4ebf45a4821c3577fd83a83d.jpg,Unknown,91.46,SEARCHING,False,35.0
d12dde614cf943159f10032de26f4ade.jpg,004778,63.08,VERIFYING,False,55.9
d1373de977014695aaae82a169e803f5.jpg,004928,66.07,VERIFYING,False,51.9
d16262f0ead1433d9288dad68380d2e2.jpg,pengyuyan,67.66,VERIFYING,False,52.5
d1dae86baac34cc5a46409488e66bca2.jpg,NO_FACE,0.0,NO_FACE,False,0.0
d20ad37dc41743198e413159e5af5985.jpg,NO_FACE,0.0,NO_FACE,False,0.0
d21826c2b425480b92fb73f78b9f5bf0.jpg,NO_FACE,0.0,NO_FACE,False,0.0
d22e39e52ece4a98bbf2c7de84773dda.jpg,Unknown,91.21,SEARCHING,False,34.8
d24c32dc573f4de99c1ea9aaab66e391.jpg,004767,62.95,VERIFYING,False,40.7
d279e55f65524edcb78a2dfb1b74702d.jpg,NO_FACE,0.0,NO_FACE,False,0.0
d28c8146aeca43e9aaee80095203b954.jpg,004648,69.14,VERIFYING,False,48.1
d2c4b9b2fa6a4955aa2bef987ce76812.jpg,004778,71.85,VERIFYING,False,52.8
d2d0dd5e705945f394153f8d5f38600a.jpg,chendouling,67.94,VERIFYING,False,34.8
d2f66c45333545919b85ab5872034daf.jpg,004903,73.26,VERIFYING,False,51.9
d307b785ae4447b5b26a9ea16e660d73.jpg,NO_FACE,0.0,NO_FACE,False,0.0
d30f4a3915294bee9d3beca77bc99143.jpg,Unknown,67.82,SEARCHING,False,32.7
d3197e7db1774e8d9c2944597650795a.jpg,Unknown,61.77,SEARCHING,False,31.9
d3b6fce5da5c4e67ad30efcbb9f717dd.jpg,004778,73.54,VERIFYING,False,49.2
d3e21263007641a98c9ba94ea3fc9339.jpg,004661,65.72,VERIFYING,False,40.9
d44e5c30267543d7ad0a2843989736ed.jpg,004648,69.79,VERIFYING,False,55.6
d4593d88309e4015898d0a78b39e0376.jpg,zhaoyouting,63.59,VERIFYING,False,54.1
d4a422ba1e5047a4ae717da042e187d8.jpg,NO_FACE,0.0,NO_FACE,False,0.0
d4be14f720384b8f93eabc493153df77.jpg,Unknown,92.92,SEARCHING,False,29.2
d4f119a8c9be40ffbae00854e62ba234.jpg,004743,64.37,VERIFYING,False,52.4
d525be7afc9242bc8d988e36f8ff3e3f.jpg,NO_FACE,0.0,NO_FACE,False,0.0
d5526412c92d406290701423c4b4bad2.jpg,zhoudongyu,68.95,VERIFYING,False,39.1
d552e03a09dc4b809c1dcb879f862b72.jpg,NO_FACE,0.0,NO_FACE,False,0.0
d58ab87892e34c8bb70cfebff1a6be18.jpg,NO_FACE,0.0,NO_FACE,False,0.0
d5a28368d7f94c59bf76217de11ab826.jpg,wangqi,69.59,VERIFYING,False,56.0
d5dc89d384764662881582578abe20c3.jpg,004773,67.87,VERIFYING,False,40.6
d5dec2bfac354803b1ddfcdb3a8c346d.jpg,qinhao,71.28,VERIFYING,False,57.2
d5f3948070a248739235eb07d253b9e5.jpg,004661,63.46,VERIFYING,False,40.9
d60b9ed6788343a38fc08feda10c340e.jpg,huangtingting,65.23,VERIFYING,False,48.4
d6101fc0eb414ab69eb997523ca2a87e.jpg,NO_FACE,0.0,NO_FACE,False,0.0
d61153f0037d4e8bbdd804fc131f5b3e.jpg,NO_FACE,0.0,NO_FACE,False,0.0
d634cf61d3f24cc8be9815c46b96004f.jpg,Unknown,89.94,SEARCHING,False,19.7
d63ac0394d974d9a9f33732dda6a476d.jpg,jianailiang,66.91,VERIFYING,False,52.8
d658d35dcb44483a99fd2ba515a3c3af.jpg,NO_FACE,0.0,NO_FACE,False,0.0
d6a0ca13d1994eed843317b9c1b8a6b7.jpg,qinhao,71.28,VERIFYING,False,58.3
d6c606888849493c9903be58bda64777.jpg,Unknown,81.54,SEARCHING,False,24.7
d6f6d3d1098e42aba5ea65e29c484b24.jpg,NO_FACE,0.0,NO_FACE,False,0.0
d740023cfafd4a238bf1c67699b215f9.jpg,Unknown,89.75,SEARCHING,False,42.9
d74a169946c64546a5281c5af3432bf2.jpg,004131,69.61,VERIFYING,False,48.7
d75847b302594543ae081c2d46fc8cf2.jpg,004672,68.38,VERIFYING,False,59.1
d7611a25a2dc427b99d1bd8349db7d83.jpg,NO_FACE,0.0,NO_FACE,False,0.0
d7c144e6fe674e77b1806ef44ae10f34.jpg,chenhaomin,68.97,VERIFYING,False,49.6
d7dfa3bea1f5433dbf52014c844cd05f.jpg,004743,68.36,VERIFYING,False,48.5
d804c3dbeed34b0db7a9c8cb48e1fad7.jpg,tangyuzhe,66.43,VERIFYING,False,50.6
d8084c7cbddc48dc97c64768dbf482f0.jpg,004523,69.93,VERIFYING,False,63.5
d80fcd3201784bf4a3cbde480ce0ceb5.jpg,004680,70.04,VERIFYING,False,60.2
d847f79251e541c58f6adb2f98830be8.jpg,fanganna,65.64,VERIFYING,False,46.0
d88c20686f834a51ae31d837e1aa746c.jpg,004689,68.18,VERIFYING,False,56.3
d89d414845ee4ffea1ae83eb32d525d8.jpg,NO_FACE,0.0,NO_FACE,False,0.0
d8a7f925e3794787a33eb8acae0de92d.jpg,NO_FACE,0.0,NO_FACE,False,0.0
d8ac773f34654f608ea0db6005df9b92.jpg,NO_FACE,0.0,NO_FACE,False,0.0
d8ed378ced74474a8fad827a9b5091a9.jpg,004743,72.29,VERIFYING,False,43.4
d91b7e62bc994afd956fed83f38d0466.jpg,004560,69.84,VERIFYING,False,47.6
d91dd7408c8a4a35b2620c0d0595d96b.jpg,xiena,65.01,VERIFYING,False,57.5
d936f41e45b34b4ab8a81c4d632507a2.jpg,004801,69.11,VERIFYING,False,53.0
d9716be24a964fcd80929916c6701886.jpg,004743,66.89,VERIFYING,False,48.1
da0a530d6b144244adf9b27d08a260ea.jpg,majunwei,65.18,VERIFYING,False,50.1
da0a7f0a8f0d4555ad89ffe899d82d41.jpg,004632,64.09,VERIFYING,False,57.4
da0d8106b534446b8a20cce6f2b6cb03.jpg,NO_FACE,0.0,NO_FACE,False,0.0
da2c881a71af48128e93108f21810fd7.jpg,004778,69.12,VERIFYING,False,46.6
da54c21c7b334e15809a9d12dd7cdf6d.jpg,NO_FACE,0.0,NO_FACE,False,0.0
daa4c908442e4cde94d5f7ca7a12ef33.jpg,004903,70.8,VERIFYING,False,53.5
daac7d4bc31249df85f47ce5ae72fe31.jpg,xiena,70.48,VERIFYING,False,45.9
daf0d7272b0a49549a0e6d5a8110fc37.jpg,linjing,70.2,VERIFYING,False,46.5
db02a912426d4b12823435b95dd62c42.jpg,004903,71.71,VERIFYING,False,49.2
db4ad2ed9bd8404596c680601cf7d4a2.png,NO_FACE,0.0,NO_FACE,False,0.0
db5ecb6f238a4ab89af11786a2a9be55.png,004903,72.51,VERIFYING,False,44.2
db6d579c97804b548bb27f6c09e73617.jpg,NO_FACE,0.0,NO_FACE,False,0.0
dba7cfe68b49451a989798908d087b82.jpg,004996,70.5,VERIFYING,False,44.7
dbb077949825424c85a926776cffacc1.jpg,004903,72.99,VERIFYING,False,48.2
dbe0a9c836394633ad3ac743266d374c.jpg,004271,67.84,VERIFYING,False,46.9
dbfadabf1b6a40d1a2ed1786a2c6c1eb.jpg,NO_FACE,0.0,NO_FACE,False,0.0
dc9aea1c88f3407fb598c31add856da4.jpg,004815,70.96,VERIFYING,False,58.1
dc9c479df1b74d2bb4a6468fe3c986a8.jpg,changyuan,70.32,VERIFYING,False,47.9
dcd67cbbca6a477dabfa983938734511.jpg,004778,70.37,VERIFYING,False,38.8
dd3aa44dfdc544bd9109d28ffe6ef8a2.jpg,004560,72.88,VERIFYING,False,50.3
dd422950c17e4d538e320cad704b26df.jpg,yangqiming,68.05,VERIFYING,False,45.2
dd770aaec0734d3b807650eae2048fc7.jpg,tangyuzhe,70.36,VERIFYING,False,43.2
ddc03de6fadd49129244da163416e470.jpg,004770,63.55,VERIFYING,False,49.4
de7dcbeffd834649ae89db3d2abba99d.jpeg,004778,73.12,VERIFYING,False,45.6
de9bd24362294f0caf0e4fc1a724662a.jpg,Unknown,56.59,SEARCHING,False,32.2
dec0976d71c949c2a3204c11d746ca65.jpg,004157,70.66,VERIFYING,False,52.1
ded3682b5a7e4942b70a37c66e90ad16.jpg,songxiaofeng,65.54,VERIFYING,False,45.2
df4ec9bc7f784adc8faeec0b76bfa583.jpg,004227,70.29,VERIFYING,False,41.6
df6752a352444cd0a689432c6959ee14.jpg,xuhaiqiao,69.69,VERIFYING,False,59.3
df84f697d6b843349606c3ac1beae204.jpg,004778,73.33,VERIFYING,False,40.9
dfdd7d2d6bcd4357aa55ee6184ab373f.jpg,xiena,67.8,VERIFYING,False,49.3
e00d7460afb84510bdbb1349b53f5fae.jpg,004523,69.45,VERIFYING,False,48.7
e02fe24c58e5410d8c2f1ea7845065b7.jpg,NO_FACE,0.0,NO_FACE,False,0.0
e07cc8ac0640482db054953d54bb7aeb.png,NO_FACE,0.0,NO_FACE,False,0.0
e09c4781bb294cb99405981cd8d4d4f9.jpg,004144,65.0,VERIFYING,False,50.0
e10bdcf9e748475cb1992fd5a72db38b.jpg,004996,68.85,VERIFYING,False,50.4
e10d5ae8fdca4722b26b09a7900aea89.jpg,jindong,69.79,VERIFYING,False,38.0
e10e5e2dbf1540b9a328b026af523f92.jpg,zhoudongyu,69.87,VERIFYING,False,44.6
e137f3bf0cdf43989a87b2e234e7dfba.jpg,004903,72.54,VERIFYING,False,56.6
e13e8f3034bf404e8066e2d47aefaa8b.jpg,zhoudongyu,67.72,VERIFYING,False,48.4
e1774bf295474430aeedfc5911a41b05.jpg,changyuan,69.6,VERIFYING,False,47.1
e178d71a96ae42cb8747495793f26845.jpg,tansongyun,68.94,VERIFYING,False,56.4
e189822537db46fc86056e94482981f9.jpg,004523,71.34,VERIFYING,False,45.7
e19378f4e65647499d876e29965ea63a.jpg,004815,71.28,VERIFYING,False,42.3
e1d21ec3a53f467390372e14b791d13b.jpg,004560,67.96,VERIFYING,False,53.2
e25d502b6a1c4a86a53b6bb23bba4fe2.jpg,fanganna,69.79,VERIFYING,False,49.0
e26186d27f294b1aafee7f2e5386ff04.jpg,linsiyi,68.67,VERIFYING,False,50.5
e29ce244f88f4597a406b06c52566107.jpg,004350,67.24,VERIFYING,False,57.0
e2b80447c510480da60dda6b9d092424.jpg,NO_FACE,0.0,NO_FACE,False,0.0
e2c0e294e97c4277ba886de099c923ec.jpg,004699,68.52,VERIFYING,False,61.5
e2f4a12bb33b4d2289b9cbe7aedf8d80.jpg,jindong,68.77,VERIFYING,False,41.9
e30c970334e44b44a64d2025c337676a.jpg,004778,71.36,VERIFYING,False,50.8
e3341a347b8a4634a9c3f5382e7daf55.jpg,004984,64.73,VERIFYING,False,35.8
e365a82876364c22abe557cce692f34e.jpg,NO_FACE,0.0,NO_FACE,False,0.0
e365bda5a8974c0cb8bc96a771a203c5.jpg,linsiyi,70.12,VERIFYING,False,58.0
e36d8067a6d14f56b79295c049347634.jpg,NO_FACE,0.0,NO_FACE,False,0.0
e382724f154d4bbb8c0957d8bbafde5c.jpg,NO_FACE,0.0,NO_FACE,False,0.0
e38bedfaa60b41cba30a114f9dce18b4.jpg,NO_FACE,0.0,NO_FACE,False,0.0
e3a0cb56b413431ba97b404ea386f8a6.jpg,zhangzhenyue,68.48,VERIFYING,False,66.3
e3bed8137314411788f053c16231453a.jpg,NO_FACE,0.0,NO_FACE,False,0.0
e3c8bafae26c42fe833a5ea15e62a625.jpg,004778,71.03,VERIFYING,False,42.9
e4b2285bc9944744874f640e81c86777.jpg,NO_FACE,0.0,NO_FACE,False,0.0
e510389f5bba43c7a8049959d1394859.jpg,NO_FACE,0.0,NO_FACE,False,0.0
e53f4b67ebeb4f7aa3fbab4ee6d39b68.jpg,tangyuzhe,68.76,VERIFYING,False,53.7
e5500b06d2534607ad456d5d4d46f3f0.jpg,NO_FACE,0.0,NO_FACE,False,0.0
e56b35260d7e4a2d9675ea8ebb48ff03.jpg,fanganna,70.36,VERIFYING,False,50.2
e57f489e4c384e7bb9f5e00ce8234fd0.jpg,NO_FACE,0.0,NO_FACE,False,0.0
e64e25a96db84ca4a60641cb71568310.jpg,Unknown,55.81,SEARCHING,False,22.0
e651815850d04d0c977ed349dfd4fba8.jpg,meiyanfang,70.07,VERIFYING,False,52.5
e6bfd85262064eb4a7f6edc5bd0147de.jpg,chenweiting,69.18,VERIFYING,False,62.0
e6ccecfd079c49e1be2cba248c96d04e.jpg,xiena,67.03,VERIFYING,False,47.1
e6fc773a773e42bc9e01276db31939be.jpg,004672,68.84,RECOGNIZED,False,49.5
e70b953fb0344e65a447cc60843da571.jpg,jianghongbo,65.74,VERIFYING,False,64.6
e715a0a3e3df4df58f42c135d03a4c1c.jpg,004903,70.94,VERIFYING,False,57.0
e716ba6d0b1045329bb136b7b54f289d.jpg,tangyuzhe,68.8,VERIFYING,False,39.4
e71c30764cab4fe397bb53368349c1dd.jpg,004903,77.52,VERIFYING,False,39.3
e7283d09568140cd86ce5a45d1ecaddc.jpg,tangyuzhe,75.21,VERIFYING,False,44.5
e73511b133304bc78106b5d53350e917.jpg,NO_FACE,0.0,NO_FACE,False,0.0
e74d7a5028bf4b47b40ef61f15aa188e.jpg,Unknown,86.08,SEARCHING,False,40.9
e799839179e44c7582e141e9b03aa9ac.jpg,004286,67.62,VERIFYING,False,46.3
e7dec09a3076423a8dbf0af9618427b4.jpg,NO_FACE,0.0,NO_FACE,False,0.0
e8036c03b8ff4c91a6b9f4c47ad0dd66.jpg,fanganna,69.06,VERIFYING,False,38.2
e86565a703f247edb980b4fd8ec6a172.jpg,Unknown,52.83,SEARCHING,False,41.9
e8e331a1df4f4684b184463b43fcda0b.jpg,NO_FACE,0.0,NO_FACE,False,0.0
e97a5427285c45e1b93ce939eef820fc.jpg,NO_FACE,0.0,NO_FACE,False,0.0
e9856deec70741e5bc0c5b83137afc12.jpg,004903,79.24,VERIFYING,False,32.6
e98c56822d4e476d9bac24c39a815b0a.jpg,004903,80.82,VERIFYING,False,47.5
e998c9acc0af4d79ac20531dbeb8db89.jpg,NO_FACE,0.0,NO_FACE,False,0.0
e9ec9d4a5f864129a0b43b43d6a7312c.jpg,004903,82.51,VERIFYING,False,49.4
e9fde8a8aea242ec98903bbece0e7ed9.jpg,linsiyi,72.04,VERIFYING,False,49.8
ea4cdd52f34d460ea77837a2c0f58276.jpg,004903,78.93,VERIFYING,False,39.2
ea727c2e453348138e20457e80325274.jpg,004778,69.61,VERIFYING,False,43.6
eac3a0cf08d24dc39337fb7ac0442b33.jpg,Unknown,88.04,SEARCHING,False,39.3
eadd1587be1948559ce547360f16469e.jpg,meiyanfang,70.4,VERIFYING,False,54.7
eadef387ee5b4aa1931543fb9883d741.jpg,chenguanxi,70.47,VERIFYING,False,49.3
eb4bf1e5fe23434ebcbc94691594159c.jpg,NO_FACE,0.0,NO_FACE,False,0.0
eb97f73c7afe437aab2d3bc2bf0af119.jpg,004812,68.83,VERIFYING,False,57.6
ebb5ee39d3ef4cb2a2ff7a9032181c7c.jpg,shenmengchen,67.44,VERIFYING,False,47.7
ebcf5599766240dc9f61ea4b89d64826.jpg,Unknown,94.68,SEARCHING,False,33.3
ebd6f67c9ae54a258c4fdb1e67d9b47d.jpg,004778,71.53,VERIFYING,False,56.4
ebef3bc950504dbf8b1edab27a9fe7c8.jpg,zhangzhenyue,70.96,VERIFYING,False,46.1
ec2b507209d6446199ef9625c378708a.jpg,004270,68.51,VERIFYING,False,51.6
ec4b3ed04dcb47b69b38750e2977fc3b.jpg,NO_FACE,0.0,NO_FACE,False,0.0
ec4ebdc6515b4ee68e201c28b420779a.jpg,NO_FACE,0.0,NO_FACE,False,0.0
ec8bc0a87d684cc39e5db9a813c4c0c7.jpg,NO_FACE,0.0,NO_FACE,False,0.0
ecb4ddf84c7341b79901e439576d8a9c.jpg,NO_FACE,0.0,NO_FACE,False,0.0
eccda29ab72c472387141fe0baf6ad8f.jpg,NO_FACE,0.0,NO_FACE,False,0.0
ed0226c22f954af6b42feb30b0775efd.jpg,zhangzhenyue,71.44,VERIFYING,False,33.3
ed2c33db8f1c4e2f8977ea5039abb443.jpg,zhoudongyu,67.06,VERIFYING,False,43.7
ed3fbabaec8b4df8b315be28914ad2d7.jpg,linsiyi,69.6,VERIFYING,False,44.6
ed594c2c60ed4a089a67e1be7017b3e9.jpg,zhangzhenyue,69.85,VERIFYING,False,57.5
ed824dd8b8904b819e69acf08fb9db77.jpg,004304,70.24,VERIFYING,False,36.2
edabcd723b434e798f9f8067a629388f.jpg,NO_FACE,0.0,NO_FACE,False,0.0
edc06cbb840445ac9b1c29a1ae9997f5.jpg,Unknown,83.2,SEARCHING,False,42.7
eddab697e29944249ef18e3dae35bc3b.jpg,guobiting,69.82,VERIFYING,False,37.9
ee3c087098d045568cb60141f24d6dfd.jpg,tangyuzhe,68.68,VERIFYING,False,56.7
ee73512abe524393adbb7d5044f60073.jpg,004537,70.34,VERIFYING,False,48.1
ef14f50532e846fe97b32e569c478b9f.jpg,004778,69.51,VERIFYING,False,52.8
ef1e8911996d4fe09173ffd03fe4bec5.jpg,004778,74.33,VERIFYING,False,52.1
ef262c2d950d4df8bbf70675b22f496a.jpg,NO_FACE,0.0,NO_FACE,False,0.0
ef385f5f2fe544b79528fd8d0848b5ba.jpg,004537,71.26,VERIFYING,False,50.3
ef5a2cbd527e405eae3c05b20d3fee83.jpg,NO_FACE,0.0,NO_FACE,False,0.0
ef87f49e4ce24bd88a505f46ae9cd3e8.jpg,Unknown,82.23,SEARCHING,False,29.4
efb1d8ba7d4d4b5981a6e15283e89387.jpg,004494,70.59,VERIFYING,False,52.6
f0829db2aaed414794e2007d00a1f191.jpg,004418,67.53,VERIFYING,False,54.6
f09ea3ac7bef4b12829f57ecb11fea59.jpg,zhangyixing,68.07,VERIFYING,False,56.8
f0a2a7399dab4f37a743a39f503b10e1.jpg,004822,69.08,VERIFYING,False,48.6
f0a30d4331a04776a19b6e5e630f0aa3.jpg,004310,70.4,VERIFYING,False,49.4
f0cf83abbb5f441790957e38609f1873.jpg,004467,69.03,VERIFYING,False,56.9
f126bf312e76478db3786c6b5aaba90e.jpg,NO_FACE,0.0,NO_FACE,False,0.0
f1ab5a4fe0a2452cbd8e04c6f354129f.jpg,004310,70.17,VERIFYING,False,58.8
f1b3c1852f6f44f295583232f0c2bca0.jpg,004558,67.33,VERIFYING,False,48.0
f1f3caecaf0f4165a253449e0b757be2.png,Unknown,68.6,SEARCHING,False,40.7
f210ce4327f54bd5bb51d42e88400b5e.jpg,004778,72.74,VERIFYING,False,53.5
f2305fe441974699b62f254bcabddd19.jpg,caizhuoyan,67.58,VERIFYING,False,55.5
f2e538e09d734c0291c34e3ae81dfae6.jpg,004579,69.87,VERIFYING,False,41.1
f33f7c9fd1334e0bac1c2e769e1f7ce9.jpg,NO_FACE,0.0,NO_FACE,False,0.0
f36f0b864f344ce29707df85be8b1cd9.jpg,tangyuzhe,68.85,VERIFYING,False,38.3
f38be369fe904057b9efa23ef1e18ce8.jpg,NO_FACE,0.0,NO_FACE,False,0.0
f39c7a8da2e941748e395f884196208e.jpg,liudan,69.09,VERIFYING,False,55.8
f3fbe3c2836742719c0997edace8921e.jpg,Unknown,95.0,SEARCHING,False,31.2
f3fed69f739b42f091c1cb31e0e27e8c.png,NO_FACE,0.0,NO_FACE,False,0.0
f4addce666e746768e92ac58632ccfc0.jpg,NO_FACE,0.0,NO_FACE,False,0.0
f4f998a452cc414c8b141a15d018fc1d.jpg,004778,68.02,VERIFYING,False,39.7
f5491ea5cb9e46f8b988b6d24b439e4e.jpg,NO_FACE,0.0,NO_FACE,False,0.0
f5624775cbc240e583073d873e46ee56.jpg,tangyuzhe,68.41,VERIFYING,False,46.2
f577db4a7f394636afa1abab828fb245.jpg,Unknown,95.0,SEARCHING,False,32.8
f5b4532c305f47ed9ce173a2aa408731.jpg,NO_FACE,0.0,NO_FACE,False,0.0
f6578654c7094b51bc3f46579ac128a8.jpg,Unknown,89.79,SEARCHING,False,36.2
f69f688254684f1094d44ea6a35f9506.jpg,004903,65.53,VERIFYING,False,55.0
f71489b16f7342488a4c901930765ecb.jpg,004903,72.22,VERIFYING,False,52.2
f729b25ac4304fdc8f4e3425f93da049.jpg,NO_FACE,0.0,NO_FACE,False,0.0
f77ab5b4935d40dfbb59a51c91ad165b.jpg,NO_FACE,0.0,NO_FACE,False,0.0
f77e67dee53744e7ba08dd5ad8976207.jpg,004853,69.25,VERIFYING,False,49.6
f7ebf3aa80164762a6d028caf48c776c.jpg,luhan,67.27,VERIFYING,False,41.7
f7fc25e3dac14e01914b9bf8a99a7e4c.jpg,mayili,67.45,VERIFYING,False,44.4
f82147ca6bba4280acf6003c280981e3.jpg,Unknown,70.02,SEARCHING,False,41.5
f82edc8914ff472fa43f47eb974491fa.jpg,004467,70.33,VERIFYING,False,51.3
f8bfafb1fbbf4f0e8c97d8f8c6d0ebba.jpg,004778,68.9,VERIFYING,False,42.2
f8e559c0bda74c618c21a1026b97aa25.jpg,NO_FACE,0.0,NO_FACE,False,0.0
f9063a6cac604e95b6c6d17aa0fb17a6.png,luojin,69.35,VERIFYING,False,57.6
f93c6aa50612463ba31274b693550ace.jpg,zhangyixing,69.43,VERIFYING,False,49.1
f943659f25cb4d8285b823dcdf0966e8.jpg,004903,73.66,VERIFYING,False,39.0
f97365e5e3a147278d0345e8a3221886.jpg,004903,74.55,VERIFYING,False,47.5
f9827d476d434681a1c2ed710aa3b2ee.jpg,Unknown,71.0,SEARCHING,False,33.4
f98e00555d4d40aaafc9390e0b9a2ac4.jpg,Unknown,90.14,SEARCHING,False,28.5
f9acf2bb2a0c49c585d43f4a50a7f099.jpg,jianghongbo,68.7,VERIFYING,False,45.5
f9bb8c25e1db48718ec7805ee7f92479.jpg,004496,69.7,VERIFYING,False,51.8
f9d092ef3a6f4f598a138906fb18a319.jpg,NO_FACE,0.0,NO_FACE,False,0.0
f9ef8943b127400e85ce8dac5dd1e6df.jpg,zhongliti,67.74,VERIFYING,False,56.7
fa0f696f1d154c389fa0366a196b7729.jpg,zhongliti,68.35,VERIFYING,False,63.6
fa112b878de9410ab61e58442774a12b.jpg,004844,66.71,VERIFYING,False,53.0
fa3f5509f9da4a0c8843aacf3715502b.jpg,NO_FACE,0.0,NO_FACE,False,0.0
fa54b61b713a4b249b30eb376c0f6438.jpg,xiaozhan,67.49,VERIFYING,False,42.9
fa5d6a15639748268f7ea2213ebb1930.jpg,004903,77.29,VERIFYING,False,48.1
fa6237598f5241d5bb2db27528e820e0.jpg,NO_FACE,0.0,NO_FACE,False,0.0
fa6b4f82351c4fbd8ccf8c42dc80ea4e.jpg,004903,78.04,VERIFYING,False,55.9
fa7590d80aeb4516959fa741e38a60eb.jpg,zhongliti,71.43,VERIFYING,False,41.8
fad25f288fe34a47b3adcb6ae58f8595.jpg,004903,67.58,VERIFYING,False,50.4
fad3fdb37121448aa5a0e8ca8ff1c89b.jpg,Unknown,91.75,SEARCHING,False,26.0
faff000514c64843ae7eaf0289bb1969.jpg,004751,69.57,VERIFYING,False,58.0
fb3d5c212c8a42b4addd149a1ed43154.jpg,NO_FACE,0.0,NO_FACE,False,0.0
fb77f6f83ffb46af9c94a19f717503bc.jpg,004903,79.69,VERIFYING,False,47.4
fbc5771e146d4e7cafb2e1082f5ce8ae.jpg,004534,70.45,VERIFYING,False,56.2
fbdc208af7284fcc98edd02ceff6582b.jpg,NO_FACE,0.0,NO_FACE,False,0.0
fc36f9db34744e1888f42a866cc58a0d.jpg,004778,68.76,VERIFYING,False,43.7
fc5efc9b0a7441b3929b576c2337cdac.jpg,NO_FACE,0.0,NO_FACE,False,0.0
fd0495404fba46d081b6afcf57aacb8a.jpg,NO_FACE,0.0,NO_FACE,False,0.0
fd76d032b0414803ba5f7917f0e8b468.jpg,NO_FACE,0.0,NO_FACE,False,0.0
fdff30ab8d824409871723bba33f3b46.jpg,NO_FACE,0.0,NO_FACE,False,0.0
fe262fd268b04fc08e4a227e7ac83f26.jpg,linsiyi,68.83,RECOGNIZED,False,48.4
fe8d472ec2184dc7809bc7ed090fcee8.jpg,004903,71.2,VERIFYING,False,51.8
fece5b28efc540cda1cffe5f87d0ed6c.jpg,NO_FACE,0.0,NO_FACE,False,0.0
feeb36e5865a4ed484f27d4ff4bd1ae1.jpg,luojin,67.58,VERIFYING,False,51.9
ff187362d9ff4c658597a7738f893d45.jpg,NO_FACE,0.0,NO_FACE,False,0.0
ff3b927345d0432999cef6fddd90caff.jpg,chenxuedong,67.28,RECOGNIZED,False,52.8
ff3e97600e6d4624b79d556fcefd7185.jpg,004903,74.19,VERIFYING,False,51.4
ff45e80fe7b54be68ecf70e51980c955.jpg,wangyu,67.42,VERIFYING,False,53.2
